datacenter_id;datacenter_name;datacenter_storage_energy;storage_id;system;storage_capacity;capacity_used;active_duration;idle_intervals;duration;total_energy_active;total_energy_idle;average_rotation_latency;average_seek_Time;max_internal_data_transfer_rate;is_active;idle_power;active_power;files;
3;Datacenter_1;113716.3500847208;0;storage;900000.0;144384.0;745.1274608898908;1.0000017892249078:;961.6920478889255;4321.739273161367;3.0000053676747234;0.003;0.004;198.0;false;3.0;5.8;55596,3072,15.519012736963932:1-55848,3072,15.521955403328342:305057,3584,18.10927517611507:1-59492,2560,12.933398657261412:304132,1536,7.760060260255123:304077,3584,18.113354028362007:55890,3072,15.517312698779406:3-32082,512,2.589856776136038:1-817773,3072,15.527481673349971:303567,3584,18.104577954985675:18046,512,2.594821657210039:304814,3584,18.114792940807973:2-31682,2560,12.932926828676825:35-240840,3072,15.521060153716636:3-591393,3072,15.519868806646466:287024,512,2.595383743008711:55884,3072,15.518080348206391:5-146150,512,2.5956139626298307:1-841315,512,2.590289576462804:1-55668,3072,15.527920817280467:450558,1024,5.17609890690475:878241,1024,5.184340385550992:303793,3584,18.105159008932024:1-1002253,1024,5.173010102512263:211167,3072,15.524281808652317:304070,3584,18.105762034375527:206106,3072,15.520718342861326:753921,3072,15.523121172721217:1-55728,3072,15.517243632413614:304399,3584,18.11379042237491:305026,1536,7.76100896120236:450556,1024,5.176927709715711:1-450544,1024,5.173152589963578:304663,1536,7.7674341059045435:1-817791,3072,15.518945878634202:304883,3584,18.106259773401543:55638,3072,15.528752314652294:205538,1024,5.178478832407188:303758,3584,18.103217183210937:304752,3584,18.10846357771586:15-240840,3072,15.521564691393378:304427,3584,18.108346423196537:305029,3584,18.110148870629825:1-591393,3072,15.5212991252733:304361,1536,7.761906800194207:1-572521,2560,12.935794110551928:149730,512,2.591692423193423:62895,3072,15.526988842048453:303821,3584,18.1044637678164:304581,12288,62.07310959471497:304656,3584,18.104537336346002:304448,3584,18.10426487854894:85578,512,2.5915962755607365:287063,512,2.5924851380540423:90546,2048,10.357671509217365:;
3;Datacenter_1;113716.3500847208;1;storage;900000.0;139776.0;721.8814440031894;1.0000001822594735:;961.6920478889255;4186.9123752185;3.0000005467784208;0.003;0.004;198.0;false;3.0;5.8;3-55896,3072,15.518360641031068:2-572526,2560,12.93900621755067:1-753921,3072,15.521696449669992:304646,1536,7.765780236849494:1-31682,512,2.5903572290829406:303623,3584,18.107079414549723:2-55596,3072,15.523859667635142:2-838506,4608,23.27925688110969:304035,3584,18.10922420862828:450554,1024,5.174838761064451:2-878249,1024,5.180187898306351:1-269746,1024,5.172837718321403:304725,1536,7.762642264365269:62837,9216,46.55106438433198:1-55638,3072,15.528203191572706:572526,2560,12.93191140182436:1-270734,1024,5.177295778137092:304462,3584,18.104151790981177:1-287047,512,2.5938694110691536:304063,3584,18.107657290898025:1-591387,3072,15.529651519035607:2-572521,2560,12.934156920837378:55842,3072,15.520658623006396:55968,3072,15.519177058651028:304821,1536,7.767594168625702:304546,3584,18.10798559114906:1-450556,1024,5.1739981504192025:303744,3584,18.10821506486269:1-146150,512,2.589234005694986:211197,3072,15.528435132548184:2-753921,3072,15.520762635743882:1-572098,2048,10.346048681750855:1-258925,512,2.598987137853979:303828,3584,18.10811638917105:2-1002261,1024,5.174107627408991:8-240840,3072,15.518894385848471:1-258923,512,2.599821682165962:1002255,1024,5.174382521145327:303956,3584,18.105081616459227:211173,3072,15.516061797876198:1-269750,1024,5.177918319928519:211191,3072,15.521769466396455:3-753921,3072,15.520456889824604:5-31882,512,2.59933165845405:304118,3584,18.10563226580084:240840,3072,15.520407880784798:1-878245,1024,5.179576956217986:3-367002,512,2.590569154112629:817803,3072,15.523712092595963:1-450548,1024,5.174937893418223:1-206106,3072,15.52582188570058:1-269738,1024,5.172954263875136:18085,512,2.5961679482283455:1-206088,3072,15.517783079515658:6-428733,11776,59.476476113905306:;
3;Datacenter_1;113716.3500847208;2;storage;900000.0;145408.0;765.7966673364207;1.000000266829021:;961.6920478889255;4441.62067055124;3.0000008004870633;0.003;0.004;198.0;false;3.0;5.8;1-450552,1024,5.183152612866157:6-753921,3072,15.51973947292796:1-878233,1024,5.18304708919037:817779,3072,15.518227957505543:725321,512,2.589937985010259:303863,3584,18.105451456885234:11-240840,3072,15.521816922522417:270736,1024,5.175514759904213:5-367002,512,2.601897164928419:4-760114,512,2.5912098343866283:304282,3584,18.10646665504985:428733,9216,46.550519580868496:303672,3584,18.1077148096891:305050,3584,18.10785028839958:1-253140,2048,10.3537133985577:367002,9216,46.55181399385664:287438,512,2.592170480633227:270734,1024,5.183177298193385:17-240840,3072,15.520600812037182:1-55884,3072,15.518656739176883:303609,3584,18.104024873908806:304212,3584,18.104935506511787:149733,3072,15.518701051481775:304483,3584,18.112015289233454:1-90546,2048,10.352595851190253:270748,1024,5.175417971704339:26-240840,3072,15.529847701575985:1-59487,2560,12.935830456778499:55668,3072,15.51793797831455:878235,1024,5.182019756298908:3-31882,512,2.586689465728726:5-32082,512,2.588919244938415:234346,2048,10.35824903262862:1-1002251,1024,5.175998740617536:1-450560,1024,5.174314780652387:1-32082,512,2.594315215962701:18-240840,3072,15.52944505638449:6-367002,11776,59.47701547121262:304988,4608,23.279895376711913:1-55674,3072,15.520327011498516:878245,1024,5.175701119560558:304135,3584,18.10842723037927:304683,3584,18.11194375362994:304981,3584,18.10375572704709:304364,3584,18.105384764486214:6-361644,3072,15.524710294099506:24-240840,3072,15.521025864254087:2-878231,1024,5.17811557116926:6-973347,3072,15.52239046908618:3-428733,512,2.586612956317673:1-817803,3072,15.526635820056798:304918,3584,18.10867388446528:269742,1024,5.187208953628197:2-760114,512,2.5935001636677057:;
3;Datacenter_1;113716.3500847208;3;storage;900000.0;169472.0;954.6027731680178;1.0000002917759447:;961.6920478889255;5536.696084374504;3.000000875327834;0.003;0.004;198.0;false;3.0;5.8;591399,3072,15.520055166649824:288827,512,2.5928051637778937:55776,3072,15.524541804320627:1-817815,3072,15.517228346149343:4-146350,2560,12.943746568063181:304261,3584,18.105710140622627:141006,3072,15.520011910755276:760113,512,2.589406682969557:817809,3072,15.524060741821877:1-450558,1024,5.17230461909938:2-59487,2560,12.941498866762178:303849,3584,18.10759635295722:205540,9728,49.134547327911214:258925,512,2.601416085541437:303723,3584,18.10816099100385:760114,512,2.5900259948060014:591393,3072,15.515605574816279:4-841315,14336,72.41375092343482:591387,3072,15.527866408753855:269738,1024,5.1789640220622655:107349,4096,20.691596229153507:146550,2560,12.930869145235446:205498,9728,49.139150167948316:1-55710,3072,15.526448301019181:1-361650,3072,15.522868508554396:55674,3072,15.522376977194515:817773,3072,15.519114489941119:1-270738,1024,5.176372094791882:304156,3584,18.107899276791134:59502,2560,12.946621608873388:55824,3072,15.517774660058642:303870,3584,18.10281674969836:1-55842,3072,15.522100543241034:304149,3584,18.110729304180634:445665,512,2.5925730500148494:1-428733,512,2.5955128772533653:62936,3072,15.522459645614497:2-878235,1024,5.173486413470918:450544,1024,5.184972072810013:269740,1024,5.176172277163413:304525,3584,18.105497433725752:6-31682,2560,12.930804738919672:304567,3584,18.112047777490627:1-1002263,1024,5.176690890524062:1-55608,3072,15.516684823052387:55710,3072,15.529236020344696:2-32082,2560,12.934640187266563:4-753921,3072,15.519168423117423:2-572516,2560,12.931068357221434:304622,12288,62.070303327963664:1-817797,3072,15.519014618002917:40-240840,3072,15.5246209070974:725324,512,2.5934623484656627:303963,3584,18.107848522221296:;
3;Datacenter_1;113716.3500847208;4;storage;900000.0;168448.0;856.3004204531601;1.0000004167879113:;961.6920478889255;4966.542438628331;3.000001250363734;0.003;0.004;198.0;false;3.0;5.8;25-240840,3072,15.526928354068726:1-878247,1024,5.1739287561172524:1-55758,3072,15.522983609622877:303686,12288,62.06751103410117:269750,1024,5.1829035858084715:55734,3072,15.519508315533985:303658,3584,18.104460953441734:2-835506,9728,49.13841936303485:55608,3072,15.52789494621712:304476,3584,18.10274387557149:304953,3584,18.113671971794584:4-973347,3072,15.518908969389917:2-428733,9216,46.55025096252646:2-878241,1024,5.173745700888839:304014,3584,18.104428361611703:80965,2048,10.356316383782747:5-760114,512,2.591997880604238:20403,512,2.5886927937264783:62890,2560,12.93398735625969:149732,512,2.592760927437427:14-240840,3072,15.518444218746401:1-450550,1024,5.175533060656939:287056,512,2.5955597129376176:304560,3584,18.10407327015469:211215,3072,15.521122264380109:1-55890,3072,15.531492091331954:206076,3072,15.521863624822641:2-149733,512,2.587415705129803:304385,3584,18.10788760128518:450552,1024,5.189247953435157:4-146150,2560,12.930199143855216:4-591405,3072,15.522567774145347:23-240840,3072,15.517213933834435:304690,14336,72.41069004471129:304028,3584,18.116266835330936:4-146550,2560,12.9366936296324:304497,3584,18.108445652716345:289404,512,2.592588263348182:878239,1024,5.183804917664101:1002253,1024,5.175442961881293:55830,3072,15.522453738586375:1-4203,4096,20.692351948312737:303800,3584,18.11045551278357:572521,2560,12.934120053912329:20-240840,3072,15.521620260468142:304824,3584,18.104228543026608:55854,3072,15.528557162151333:817791,3072,15.5200616051502:1-367002,512,2.5885318127732:1-285602,512,2.590704448544113:1-206082,3072,15.521953085222357:612639,4096,20.694959905747734:1-817785,3072,15.521827215273653:140958,3072,15.521462254093901:;
3;Datacenter_1;113716.3500847208;5;storage;6000000.0;124928.0;605.1354440117186;1.0000004652444445:;961.6920478889255;6819.876454012069;6.900003210186668;0.00416;0.0085;216.0;false;6.9;11.27;1-55692,3072,14.24368962214649:1-269744,1024,4.754825719371812:62867,2560,11.859220838148191:304226,3584,16.608151061131245:7000,2048,9.486609266193723:304649,3584,16.61002183591629:5-591393,3072,14.250227840617228:304869,3584,16.601863186604465:572102,2048,9.492078559117797:2-591399,3072,14.229428700338769:304960,3584,16.59709160910958:55782,3072,14.240047877018837:22-240840,3072,14.240318427430491:1-817767,3072,14.23026188013972:304511,3584,16.603005242986406:211179,3072,14.230550555681237:1-269742,1024,4.753257818591758:206088,3072,14.236547342332942:146350,2560,11.860438832737659:1-270752,1024,4.767934986179259:303737,3584,16.596464591031033:1002245,1024,4.749521605676952:304296,3584,16.61238533411437:304125,3584,16.60763177641905:304504,3584,16.594236799023225:1-55794,3072,14.245311854559285:303720,1536,7.12540259509293:140988,3072,14.226578303846672:725320,512,2.376748715471672:3-240840,3072,14.249635221539396:5-841315,512,2.375501528187838:303884,3584,16.607991550912224:16601,512,2.37750348606568:1-760114,512,2.3784386861454094:4-55896,3072,14.250273241299242:107821,4096,18.97049974029699:55950,3072,14.235463238421524:2-760113,512,2.377194525471553:289698,512,2.3960848396903556:62861,3072,14.231659411034418:3-840315,512,2.3773714631996334:304615,3584,16.603315937677543:1-270748,1024,4.7473215850334345:19826,512,2.388198385486165:55620,3072,14.224457285982451:258924,512,2.3838421236872915:1-1002249,1024,4.748147268618218:32082,2560,11.871271386146127:878251,1024,4.750349403416832:1-270744,1024,4.747295345550638:1-59502,2560,11.871499232128658:591411,3072,14.234156169908479:5-146350,512,2.379213800013088:1-206100,3072,14.231940923751646:;
3;Datacenter_1;113716.3500847208;6;storage;6000000.0;154624.0;773.4767379110183;1.0000008669421812:;961.6920478889255;8717.082836257172;6.90000598190105;0.00416;0.0085;216.0;false;6.9;11.27;361650,3072,14.235153095986538:1-270736,1024,4.767205192716196:1-1002257,1024,4.751127104509471:1-55656,3072,14.233023783550497:55758,3072,14.237612211582608:878243,1024,4.759919943273395:206082,3072,14.228870300199967:270750,1024,4.768258419452214:5-31682,512,2.3791001724370955:55878,3072,14.23164194451461:1-146350,512,2.376169673522752:973353,3072,14.25083779247927:304191,3584,16.60088664146809:725322,512,2.376833743151369:12-240840,3072,14.232389080525591:4-240840,3072,14.234393143339384:140970,3072,14.247270247129519:2-240840,3072,14.234093232096365:878237,1024,4.754330481280307:304925,3584,16.60070381461813:18437,512,2.3819155943501125:450546,1024,4.75236255985512:1-1002259,1024,4.7581043546170365:206118,3072,14.227731996120692:55698,3072,14.235047705076392:1-55770,3072,14.22433956198969:3-835506,512,2.3929008397906073:55614,3072,14.228828076362195:1002263,1024,4.755004644532573:205519,9728,45.06191836720992:20697,512,2.379747923379795:1-878243,1024,4.747389898382287:55740,3072,14.240955465217265:304303,28160,130.37917625043582:304115,1536,7.133861040299831:1-572516,2560,11.859467668914537:1-270746,1024,4.751442724045918:108645,4096,18.971443591466617:304676,3584,16.618878633315944:304946,3584,16.59411838185298:1-1002245,1024,4.742141904005336:304532,3584,16.61289124368718:1-878239,1024,4.751928289408566:304967,3584,16.606377432546974:304539,3584,16.59975947702697:1-270750,1024,4.75999564588185:206064,3072,14.225471426265187:10-240840,3072,14.248909306845299:5-146550,512,2.3804461412719884:1-973353,3072,14.230233835405366:2-973353,3072,14.225336143283156:211227,3072,14.240637264817822:3-361644,3072,14.249497541573382:75952,2048,9.488364905739438:;
3;Datacenter_1;113716.3500847208;7;storage;6000000.0;204288.0;960.6920469860371;1.0000009028883063:;961.6920478889255;10826.999369532647;6.900006229929314;0.00416;0.0085;216.0;false;6.9;11.27;304574,3584,16.608339292432284:450560,1024,4.767729126216072:2-146150,2560,11.855721298148794:30-240840,3072,14.236551433338777:304240,3584,16.603821906900617:55848,3072,14.233974188465675:1-269732,1024,4.751035798994173:3-973347,3072,14.243066748501858:6-840815,31232,144.60392544366735:303765,3584,16.606026301823192:91389,32768,151.7134344173666:270742,1024,4.770042133577497:304897,3584,16.60872155752141:1-240840,3072,14.230741931872075:2-591405,3072,14.233316814612895:62872,9216,42.67145815225413:303751,3584,16.60374190684354:62855,3072,14.245656612809821:303877,3584,16.59953553539228:2-1002253,1024,4.749476921690697:1-59497,2560,11.876003071876896:878249,1024,4.75285895595305:1-253144,2048,9.48960411319966:303710,1536,7.122174037841226:4-591399,3072,14.229245081713028:211221,3072,14.242480174356102:610287,512,2.3753819766455515:211185,3072,14.227172272102376:55692,3072,14.231776202347374:1-840315,512,2.397394310025616:725318,512,2.3756690738951587:304084,3584,16.596760044862265:2-347649,512,2.382513703175292:1-450546,1024,4.7561441641581546:1-55896,3072,14.246245511258506:304008,1536,7.1218618110718115:1-55734,3072,14.229296800305482:269736,1024,4.746983404614622:55974,3072,14.234335331939885:304056,3584,16.616616113394535:1002249,1024,4.750997711449965:2-59492,2560,11.86233350550022:1-1002255,1024,4.748907161600065:287086,512,2.3845601733173964:140952,3072,14.25056681608499:269732,1024,4.747891301099683:34-240840,3072,14.233157762779538:62930,3072,14.229998766069727:303595,3584,16.623070150271104:304939,3584,16.605725323978888:4-591393,3072,14.225166606192303:55794,3072,14.234902909226589:253148,2048,9.486445403902648:304091,12288,56.903637660995884:;
3;Datacenter_1;113716.3500847208;8;storage;6000000.0;186368.0;896.7344362532269;1.0000010465121425:;961.6920478889255;10106.197096573871;6.900007220933784;0.00416;0.0085;216.0;false;6.9;11.27;817767,3072,14.23281339347121:2-840315,12288,56.89742003540089:1-75952,2048,9.486353343334605:304759,28160,130.3972415645331:1-55782,3072,14.227768621688888:1-55620,3072,14.235015877836972:269748,1024,4.750391355350487:304932,3584,16.603662279839956:55704,3072,14.23489023005398:27-240840,3072,14.240781845403848:878247,1024,4.750487054575823:5-973347,3072,14.234988876379369:1002247,1024,4.745961973122419:39-240840,3072,14.237461752882053:1-80965,2048,9.495501708058978:1-270742,1024,4.758680599583924:270738,1024,4.747862799594008:2-591393,3072,14.242762518893343:62912,9216,42.673789925721245:1-206076,3072,14.230780387532656:211209,3072,14.234624479227614:3-838506,512,2.39886339611178:1-878237,1024,4.752147569940059:878231,1024,4.750211235695801:4-428733,9216,42.675943833196975:3-146350,512,2.400005193391898:303946,1536,7.125449542404071:62832,2560,11.862904896821961:817797,3072,14.230603847496488:5-361644,3072,14.233733932046205:1-55824,3072,14.23189560391784:1-591411,3072,14.23029480361861:59487,2560,11.856727789086223:303922,3584,16.6125225516572:6-146150,2560,11.865230276799595:304021,3584,16.59873519321235:55602,3072,14.241590716586847:18062,512,2.377379973428489:317651,8192,37.95309328152252:1-206064,3072,14.233311780406199:304289,3584,16.600522619476752:304042,3584,16.59873108955539:55896,3072,14.247962102587225:19958,512,2.3824261313308277:206070,3072,14.2318976376262:1-55878,3072,14.230434558591188:55764,3072,14.24614426465069:41-240840,3072,14.226576727489942:1-591399,3072,14.232431692706772:59497,2560,11.858718567444056:450550,1024,4.755088120727776:1-269736,1024,4.759876483110722:303581,3584,16.598132071940864:1-55746,3072,14.231153131698434:;
3;Datacenter_1;113716.3500847208;9;storage;6000000.0;187904.0;929.9576635255363;1.0000011246077447:;961.6920478889255;10480.622867932796;6.900007759793439;0.00416;0.0085;216.0;false;6.9;11.27;253140,2048,9.486201011250065:591417,3072,14.23590201174027:1-55698,3072,14.22800659589084:3-760114,512,2.3873223491672095:205496,1024,4.748103280175147:108637,4096,18.99072286116707:878233,1024,4.748531159647251:270740,1024,4.7529431515005:303713,3584,16.603382073380246:2-361644,3072,14.233550928574823:234342,2048,9.49262103333493:305064,3584,16.615900298410406:253152,2048,9.493029319826336:304890,3584,16.596260189551302:18055,512,2.3737524633907494:361644,3072,14.245312435783621:1-7000,2048,9.490365643308019:59492,2560,11.859003101175553:140946,3072,14.249714031370635:2-367002,9216,42.67421495587456:1-253148,2048,9.490805956469636:205487,4608,21.34436439484162:55818,3072,14.24965791626672:55662,3072,14.226224728440258:303630,3584,16.601124293424466:304834,3584,16.619762369995026:269734,1024,4.7496621438721:55938,3072,14.23386888854436:305023,1536,7.121601417905202:3-146150,512,2.3777176673404536:304205,3584,16.620790875151613:1-55752,3072,14.224641826781268:2-1002247,1024,4.7444202416804995:304392,3584,16.598229395361763:1-55866,3072,14.236071344924747:4-32082,2560,11.874093053046627:2-1002249,1024,4.747781409768325:4-591387,3072,14.244740351954228:304184,3584,16.604511320319645:2-840815,12288,56.89667828198076:304605,1536,7.117896668309246:4-840815,12288,56.915887291831794:7-367002,512,2.376356767484949:4-840315,28160,130.3798508781197:303856,3584,16.60237700864933:303891,3584,16.606855780692978:591405,3072,14.230107864904419:1-253152,2048,9.503266438404598:303679,3584,16.600383901961177:1-55788,3072,14.234687394258799:1-361644,3072,14.253829140499496:4-31682,2560,11.861587891443916:7-146150,512,2.380590648250044:7-240840,3072,14.22892061083385:;
3;Datacenter_1;113716.3500847208;10;storage;5000000.0;141824.0;674.6699080183539;1.00000115092862:;961.6920478889255;7623.769960607398;6.200007135757444;0.00417;0.009;215.0;false;6.2;11.3;211203,3072,14.312977229559301:2-1002251,1024,4.7644109244978505:303786,3584,16.682023744533982:572516,2560,11.91770639727497:303970,3584,16.68740458288031:205517,1024,4.768718220150738:108629,4096,19.075836509609907:32-240840,3072,14.295042423008704:269744,1024,4.782381747826552:285602,512,2.3915180809317595:304904,3584,16.686606881892946:304275,3584,16.690811128643194:2-878233,1024,4.775536230941874:303616,3584,16.673133326663045:303665,3584,16.679156846335246:140994,3072,14.310240507335434:55788,3072,14.296851366175098:1-55830,3072,14.291157546629979:304731,3584,16.698461163257374:55800,3072,14.296064741183626:55956,3072,14.296802302596896:90542,2048,9.536128616106518:327183,6144,28.602864360544775:5-591405,3072,14.297736466703345:304198,3584,16.682207799565692:1002265,1024,4.777046253603233:1-838506,512,2.405986681049526:4-31882,2560,11.914366863216783:2-878245,1024,4.777515529645451:2-973347,3072,14.298242367470433:1-258924,512,2.3952093694119254:55962,3072,14.310295150749146:2-878247,1024,4.764091084907873:206112,3072,14.301122398438562:1002251,1024,4.771695040440141:31882,2560,11.93381830064516:3-591387,3072,14.299568564731997:1-55602,3072,14.290495163121811:1-612639,4096,19.056584466821405:1-269748,1024,4.786267111295259:304358,1536,7.159490812435409:304142,3584,16.682213373409738:55932,3072,14.298128393886598:141000,3072,14.293700116735945:55944,3072,14.296210613297966:303949,3584,16.6752627615887:1-55704,3072,14.298739727232558:1-450542,1024,4.7859293584146565:1-206112,3072,14.300450721102633:62965,3072,14.2957632105197:2-878237,1024,4.786644397682512:1-817809,3072,14.29334131009494:55860,3072,14.304336926739788:817785,3072,14.300505582598973:;
3;Datacenter_1;113716.3500847208;11;storage;5000000.0;171520.0;817.5505719530302;1.0000013797128078:;961.6920478889255;9238.321463069244;6.2000085542194086;0.00417;0.009;215.0;false;6.2;11.3;303835,3584,16.701026304134466:1-55800,3072,14.301117209740765:304490,3584,16.67591069486048:1-878231,1024,4.767974156359088:1-591417,3072,14.302109302781096:5-840315,512,2.398620646004613:304553,3584,16.67238414236565:258923,512,2.39787158143707:305043,3584,16.680260863112597:287047,512,2.389169414072449:304371,3584,16.69027766436842:55752,3072,14.295711961161343:840815,12288,57.161205796998544:62907,2560,11.928632045855851:304378,3584,16.685850643640375:725323,512,2.39066118678573:37-240840,3072,14.295843172770475:835506,9728,45.26760630477027:817815,3072,14.291063523640126:1-572511,2560,11.92695784017136:80969,2048,9.539467760914652:2-1002259,1024,4.774577429588873:3-31682,512,2.3924853122026324:1-1002247,1024,4.780960322061941:1002257,1024,4.768672632359007:1-817779,3072,14.300108892821587:149731,512,2.4031849052198573:36-240840,3072,14.301523125300694:1-7004,2048,9.53585860814385:304997,13312,61.928177193458055:140982,3072,14.310263870156444:1-80969,2048,9.536726678731712:5-240840,3072,14.307772915385607:140964,3072,14.297499028025168:31-240840,3072,14.303650498627887:205474,6656,30.96534667698061:4-361644,3072,14.305711473065791:304455,3584,16.6875283981996:2-59497,2560,11.917827086838372:304666,3584,16.683467584589263:25887,512,2.387839741437668:5-753921,3072,14.30944151554031:1002259,1024,4.770180149121988:303602,3584,16.68622122361356:303772,3584,16.681273852808225:1-591405,3072,14.301511136824459:1-55614,3072,14.295069382957093:1-234342,2048,9.550821666015093:305036,3584,16.67740472226331:4-835506,9728,45.25974397932901:7004,2048,9.548028779995635:1002261,1024,4.76797886277442:303651,3584,16.68968326387147:1-55764,3072,14.298615137279459:;
3;Datacenter_1;113716.3500847208;12;storage;5000000.0;177664.0;841.3293981500601;1.0000014843560912:;961.6920478889255;9507.022199095676;6.200009203007765;0.00417;0.009;215.0;false;6.2;11.3;38-240840,3072,14.30676460535545:572511,2560,11.923661203454222:2-361650,3072,14.293610455780117:1-146550,512,2.39947759620427:304608,3584,16.676163625286435:1-878249,1024,4.781244585150824:62971,3072,14.295944364172607:450548,1024,4.7781792313625315:303807,3584,16.678174197120086:7-31682,512,2.396335482520978:572098,2048,9.552364934238259:2-591387,3072,14.298417614365865:304434,3584,16.673405450382877:3-591405,3072,14.318887250770965:4-367002,9216,42.870484971913534:55872,3072,14.291055229494736:5-428733,512,2.4079063032201367:304738,3584,16.680870324785825:304974,3584,16.680126283037254:837815,13312,61.919788618085484:304413,3584,16.697239754491147:16-240840,3072,14.298221550313267:1-55860,3072,14.306565354365636:1-269740,1024,4.769605724174399:270752,1024,4.790257206669617:347649,512,2.3839763588466614:817821,3072,14.29633318839339:1-55740,3072,14.295105984957933:840315,12288,57.18246903001573:2-234342,2048,9.530419617656293:304163,3584,16.676367947294704:304855,3584,16.68083000909781:7-428733,512,2.3907710519675893:303574,3584,16.69480362696038:1-16601,512,2.389164230990569:7-753921,3072,14.31351469647036:1-55776,3072,14.295162354188486:2-878243,1024,4.771401528984428:304469,3584,16.697674304865803:55728,3072,14.289275640110734:1-760113,512,2.38445878531569:55770,3072,14.300757003677074:303842,3584,16.700149415192286:2-146350,2560,11.912162798435132:304876,3584,16.684890419089555:31682,2560,11.912321577099744:62942,11776,54.78295067553997:304247,3584,16.69953171865325:303977,12288,57.157602563113464:1-1002261,1024,4.788829383878286:610735,512,2.3974249750068033:2-55896,3072,14.297435033181134:1-269734,1024,4.765242712561363:3-591399,3072,14.321803752721367:;
3;Datacenter_1;113716.3500847208;13;storage;5000000.0;133632.0;648.4609583398627;1.0000016171521608:;961.6920478889255;7327.608829240451;6.2000100263433975;0.00417;0.009;215.0;false;6.2;11.3;3-840815,512,2.3980497577999302:288959,512,2.3956737124979113:146150,2560,11.91816772390338:9-240840,3072,14.294298303576126:55902,3072,14.303855583304848:1-450554,1024,4.768641634850024:1-347649,512,2.3997416051467098:2-16601,512,2.396506031678028:841315,12288,57.15813833702788:304673,1536,7.164920147527081:62901,3072,14.302632406250595:2-31882,2560,11.913396566207561:304001,3584,16.692184939551996:270746,1024,4.771924199386672:75956,2048,9.54851106070966:1-55872,3072,14.29529499844194:2-285602,512,2.387133242977106:304233,3584,16.680251321823228:28-240840,3072,14.306099765371101:303644,3584,16.68150122296681:303936,3584,16.69629037109607:4203,4096,19.06130580506155:5-591387,3072,14.30027480861561:303779,3584,16.67887408769401:304848,3584,16.6767462998407:6-240840,3072,14.299157345583504:13-240840,3072,14.312102256680937:2-572098,2048,9.531553461403474:29-240840,3072,14.31926533038181:304841,3584,16.685033709805445:270744,1024,4.770662046724768:1-55836,3072,14.316428513735561:304049,3584,16.683536831721465:33-240840,3072,14.29465569221695:59507,2560,11.914628229173061:55590,3072,14.296560245846214:3-841315,512,2.4023867696788996:304728,1536,7.151516838862218:304254,3584,16.699418679926616:450542,1024,4.771049915909237:572531,2560,11.916103625991328:725319,512,2.4139983600199155:1-31882,512,2.394425622082493:5-840815,512,2.3864150839025355:269746,1024,4.769813501907669:2-1002255,1024,4.78255721829918:55836,3072,14.297610176588474:3-146550,512,2.4118917377611346:304745,3584,16.675484811700347:304911,3584,16.678532240069153:304011,1536,7.150323167123065:303929,3584,16.686138071010184:55746,3072,14.29871924856772:1-878235,1024,4.792808850701711:;
3;Datacenter_1;113716.3500847208;14;storage;5000000.0;176128.0;843.7909806834907;1.0000017063661977:;961.6920478889255;9534.838081723448;6.200010579470426;0.00417;0.009;215.0;false;6.2;11.3;2-75952,2048,9.53449008825852:1-18046,512,2.3890793128233616:304219,3584,16.68556650381922:303898,12288,57.16221228668508:838506,6656,30.98825608188074:2-572511,2560,11.91544837015076:206094,3072,14.291698283749504:304268,3584,16.684216518519108:1-55662,3072,14.30429627918253:19-240840,3072,14.307142407115242:55866,3072,14.315086147886978:1-973347,3072,14.303458910580341:5-835506,512,2.387366011670615:206100,3072,14.29700015619426:1-837815,512,2.4134350390064583:304862,3584,16.680699662672705:21-240840,3072,14.299988923451252:1-149733,3072,14.296966107631937:1-572526,2560,11.908825623121597:303943,1536,7.156956587858981:304718,3584,16.691389923628382:1-270740,1024,4.771560257523672:55656,3072,14.302684793923264:253144,2048,9.535531292396426:1-206094,3072,14.304807380533523:1-55596,3072,14.308269760569964:2-1002245,1024,4.769956606074173:2-878239,1024,4.782818410545752:5-591399,3072,14.299921973958606:2-1002257,1024,4.789399373798581:2-59502,2560,11.912097699890852:304831,1536,7.156521110592044:303637,3584,16.674752992293477:2-1002263,1024,4.783874873218894:303588,3584,16.68288845294154:303730,3584,16.671371330933706:973347,3072,14.318028360942623:2-146550,2560,11.913375689578466:1-55818,3072,14.297061598963726:140976,3072,14.306026586159748:18023,512,2.389155888489157:304420,3584,16.68508422727082:1-878241,1024,4.773546624922153:2-841315,28160,131.00642180848354:1-835506,512,2.390556579594655:303814,3584,16.67866434007393:304441,3584,16.6801027136144:304177,3584,16.675890545276985:304518,3584,16.69535604663095:1-55854,3072,14.297160803621104:304406,3584,16.67395243103333:1-206070,3072,14.304740430846289:304170,3584,16.681408933705487:1-840815,512,2.3841281345341176:;
4;Datacenter_2;0.0;0;storage;900000.0;3072.0;0.0;;961.6920478889255;0.0;0.0;0.003;0.004;198.0;false;3.0;5.8;55596,3072,15.518349208042562:;
4;Datacenter_2;0.0;1;storage;900000.0;0.0;0.0;;961.6920478889255;0.0;0.0;0.003;0.004;198.0;false;3.0;5.8;;
4;Datacenter_2;0.0;2;storage;900000.0;0.0;0.0;;961.6920478889255;0.0;0.0;0.003;0.004;198.0;false;3.0;5.8;;
4;Datacenter_2;0.0;3;storage;900000.0;0.0;0.0;;961.6920478889255;0.0;0.0;0.003;0.004;198.0;false;3.0;5.8;;
4;Datacenter_2;0.0;4;storage;900000.0;0.0;0.0;;961.6920478889255;0.0;0.0;0.003;0.004;198.0;false;3.0;5.8;;
4;Datacenter_2;0.0;5;storage;6000000.0;0.0;0.0;;961.6920478889255;0.0;0.0;0.00416;0.0085;216.0;false;6.9;11.27;;
4;Datacenter_2;0.0;6;storage;6000000.0;0.0;0.0;;961.6920478889255;0.0;0.0;0.00416;0.0085;216.0;false;6.9;11.27;;
4;Datacenter_2;0.0;7;storage;6000000.0;0.0;0.0;;961.6920478889255;0.0;0.0;0.00416;0.0085;216.0;false;6.9;11.27;;
4;Datacenter_2;0.0;8;storage;6000000.0;0.0;0.0;;961.6920478889255;0.0;0.0;0.00416;0.0085;216.0;false;6.9;11.27;;
4;Datacenter_2;0.0;9;storage;6000000.0;0.0;0.0;;961.6920478889255;0.0;0.0;0.00416;0.0085;216.0;false;6.9;11.27;;
4;Datacenter_2;0.0;10;storage;5000000.0;0.0;0.0;;961.6920478889255;0.0;0.0;0.00417;0.009;215.0;false;6.2;11.3;;
4;Datacenter_2;0.0;11;storage;5000000.0;0.0;0.0;;961.6920478889255;0.0;0.0;0.00417;0.009;215.0;false;6.2;11.3;;
4;Datacenter_2;0.0;12;storage;5000000.0;0.0;0.0;;961.6920478889255;0.0;0.0;0.00417;0.009;215.0;false;6.2;11.3;;
4;Datacenter_2;0.0;13;storage;5000000.0;0.0;0.0;;961.6920478889255;0.0;0.0;0.00417;0.009;215.0;false;6.2;11.3;;
4;Datacenter_2;0.0;14;storage;5000000.0;0.0;0.0;;961.6920478889255;0.0;0.0;0.00417;0.009;215.0;false;6.2;11.3;;
5;Datacenter_3;0.0;0;storage;900000.0;3072.0;0.0;;961.6920478889255;0.0;0.0;0.003;0.004;198.0;false;3.0;5.8;55596,3072,15.519686558035014:;
5;Datacenter_3;0.0;1;storage;900000.0;0.0;0.0;;961.6920478889255;0.0;0.0;0.003;0.004;198.0;false;3.0;5.8;;
5;Datacenter_3;0.0;2;storage;900000.0;0.0;0.0;;961.6920478889255;0.0;0.0;0.003;0.004;198.0;false;3.0;5.8;;
5;Datacenter_3;0.0;3;storage;900000.0;0.0;0.0;;961.6920478889255;0.0;0.0;0.003;0.004;198.0;false;3.0;5.8;;
5;Datacenter_3;0.0;4;storage;900000.0;0.0;0.0;;961.6920478889255;0.0;0.0;0.003;0.004;198.0;false;3.0;5.8;;
5;Datacenter_3;0.0;5;storage;6000000.0;0.0;0.0;;961.6920478889255;0.0;0.0;0.00416;0.0085;216.0;false;6.9;11.27;;
5;Datacenter_3;0.0;6;storage;6000000.0;0.0;0.0;;961.6920478889255;0.0;0.0;0.00416;0.0085;216.0;false;6.9;11.27;;
5;Datacenter_3;0.0;7;storage;6000000.0;0.0;0.0;;961.6920478889255;0.0;0.0;0.00416;0.0085;216.0;false;6.9;11.27;;
5;Datacenter_3;0.0;8;storage;6000000.0;0.0;0.0;;961.6920478889255;0.0;0.0;0.00416;0.0085;216.0;false;6.9;11.27;;
5;Datacenter_3;0.0;9;storage;6000000.0;0.0;0.0;;961.6920478889255;0.0;0.0;0.00416;0.0085;216.0;false;6.9;11.27;;
5;Datacenter_3;0.0;10;storage;5000000.0;0.0;0.0;;961.6920478889255;0.0;0.0;0.00417;0.009;215.0;false;6.2;11.3;;
5;Datacenter_3;0.0;11;storage;5000000.0;0.0;0.0;;961.6920478889255;0.0;0.0;0.00417;0.009;215.0;false;6.2;11.3;;
5;Datacenter_3;0.0;12;storage;5000000.0;0.0;0.0;;961.6920478889255;0.0;0.0;0.00417;0.009;215.0;false;6.2;11.3;;
5;Datacenter_3;0.0;13;storage;5000000.0;0.0;0.0;;961.6920478889255;0.0;0.0;0.00417;0.009;215.0;false;6.2;11.3;;
5;Datacenter_3;0.0;14;storage;5000000.0;0.0;0.0;;961.6920478889255;0.0;0.0;0.00417;0.009;215.0;false;6.2;11.3;;
6;Datacenter_4;0.0;0;storage;900000.0;3072.0;0.0;;961.6920478889255;0.0;0.0;0.003;0.004;198.0;false;3.0;5.8;55596,3072,15.518038159716127:;
6;Datacenter_4;0.0;1;storage;900000.0;0.0;0.0;;961.6920478889255;0.0;0.0;0.003;0.004;198.0;false;3.0;5.8;;
6;Datacenter_4;0.0;2;storage;900000.0;0.0;0.0;;961.6920478889255;0.0;0.0;0.003;0.004;198.0;false;3.0;5.8;;
6;Datacenter_4;0.0;3;storage;900000.0;0.0;0.0;;961.6920478889255;0.0;0.0;0.003;0.004;198.0;false;3.0;5.8;;
6;Datacenter_4;0.0;4;storage;900000.0;0.0;0.0;;961.6920478889255;0.0;0.0;0.003;0.004;198.0;false;3.0;5.8;;
6;Datacenter_4;0.0;5;storage;6000000.0;0.0;0.0;;961.6920478889255;0.0;0.0;0.00416;0.0085;216.0;false;6.9;11.27;;
6;Datacenter_4;0.0;6;storage;6000000.0;0.0;0.0;;961.6920478889255;0.0;0.0;0.00416;0.0085;216.0;false;6.9;11.27;;
6;Datacenter_4;0.0;7;storage;6000000.0;0.0;0.0;;961.6920478889255;0.0;0.0;0.00416;0.0085;216.0;false;6.9;11.27;;
6;Datacenter_4;0.0;8;storage;6000000.0;0.0;0.0;;961.6920478889255;0.0;0.0;0.00416;0.0085;216.0;false;6.9;11.27;;
6;Datacenter_4;0.0;9;storage;6000000.0;0.0;0.0;;961.6920478889255;0.0;0.0;0.00416;0.0085;216.0;false;6.9;11.27;;
6;Datacenter_4;0.0;10;storage;5000000.0;0.0;0.0;;961.6920478889255;0.0;0.0;0.00417;0.009;215.0;false;6.2;11.3;;
6;Datacenter_4;0.0;11;storage;5000000.0;0.0;0.0;;961.6920478889255;0.0;0.0;0.00417;0.009;215.0;false;6.2;11.3;;
6;Datacenter_4;0.0;12;storage;5000000.0;0.0;0.0;;961.6920478889255;0.0;0.0;0.00417;0.009;215.0;false;6.2;11.3;;
6;Datacenter_4;0.0;13;storage;5000000.0;0.0;0.0;;961.6920478889255;0.0;0.0;0.00417;0.009;215.0;false;6.2;11.3;;
6;Datacenter_4;0.0;14;storage;5000000.0;0.0;0.0;;961.6920478889255;0.0;0.0;0.00417;0.009;215.0;false;6.2;11.3;;
