Timestamp [ms];	CPU cores;	CPU capacity provisioned [MHZ];	CPU usage [MHZ];	CPU usage [%];	Memory capacity provisioned [KB];	Memory usage [KB];	Disk read throughput [KB/s];	Disk write throughput [KB/s];	Network received throughput [KB/s];	Network transmitted throughput [KB/s]
1376314846;	2;	5851.99912;	197.01730370666667;	3.3666666666666667;	8388608.0;	425021.3333333333;	0.0;	6.266666666666667;	12.0;	8.2
1376315146;	2;	5851.99912;	216.52396744;	3.7;	8388608.0;	441798.6666666667;	8.733333333333333;	8.333333333333334;	12.333333333333334;	9.133333333333333
1376315446;	2;	5851.99912;	198.96797008000001;	3.4;	8388608.0;	525684.0;	0.0;	6.666666666666667;	12.266666666666667;	8.266666666666667
1376315746;	2;	5851.99912;	195.06663733333335;	3.333333333333333;	8388608.0;	346727.73333333334;	0.0;	6.4;	11.533333333333333;	7.6
1376316046;	2;	5851.99912;	206.77063557333335;	3.533333333333333;	8388608.0;	408244.26666666666;	8.733333333333333;	8.666666666666666;	10.6;	6.8
1376316346;	2;	5851.99912;	185.3133054666667;	3.166666666666667;	8388608.0;	682272.0;	0.0;	6.933333333333334;	11.6;	7.4
1376316646;	2;	5851.99912;	197.01730370666667;	3.3666666666666667;	8388608.0;	447390.13333333336;	0.0;	6.266666666666667;	11.266666666666667;	7.133333333333334
1376316946;	2;	5851.99912;	214.5733010666667;	3.666666666666667;	8388608.0;	352320.0;	8.733333333333333;	8.533333333333333;	11.4;	8.0
1376317246;	2;	5851.99912;	195.06663733333335;	3.333333333333333;	8388608.0;	480944.8;	0.06666666666666667;	7.866666666666666;	11.0;	6.666666666666667
1376317546;	2;	5851.99912;	181.41197272000002;	3.1;	8388608.0;	548054.9333333333;	0.0;	6.266666666666667;	10.933333333333334;	6.866666666666666
1376317846;	2;	5851.99912;	228.22796568;	3.9;	8388608.0;	564832.0;	8.733333333333333;	10.533333333333333;	11.0;	7.266666666666667
1376318146;	2;	5851.99912;	212.62263469333334;	3.6333333333333333;	8388608.0;	704641.6;	0.0;	9.2;	9.133333333333333;	4.466666666666667
1376318446;	2;	5851.99912;	175.5599736;	3.0;	8388608.0;	425021.6;	0.0;	6.333333333333333;	7.6;	2.066666666666667
1376318746;	2;	5851.99912;	193.11597096000003;	3.3;	8388608.0;	631939.7333333333;	8.733333333333333;	8.333333333333334;	7.666666666666667;	3.0
1376319046;	2;	5851.99912;	175.5599736;	3.0;	8388608.0;	592793.3333333334;	0.0;	15.866666666666667;	7.333333333333333;	2.2
1376319346;	2;	5851.99912;	175.5599736;	3.0;	8388608.0;	452984.26666666666;	0.0;	6.266666666666667;	7.333333333333333;	2.3333333333333335
1376319646;	2;	5851.99912;	193.11597096000003;	3.3;	8388608.0;	452984.0;	8.733333333333333;	8.466666666666667;	7.333333333333333;	2.6666666666666665
1376319946;	2;	5851.99912;	175.5599736;	3.0;	8388608.0;	436206.4;	0.0;	6.666666666666667;	7.133333333333334;	1.8
1376320246;	2;	5851.99912;	175.5599736;	3.0;	8388608.0;	397058.6666666667;	0.0;	6.266666666666667;	7.066666666666666;	1.8
1376320546;	2;	5851.99912;	193.11597096000003;	3.3;	8388608.0;	542461.3333333334;	8.733333333333333;	9.0;	7.333333333333333;	2.7333333333333334
1376320846;	2;	5851.99912;	175.5599736;	3.0;	8388608.0;	648717.8666666667;	0.0;	7.066666666666666;	7.066666666666666;	2.0
1376321146;	2;	5851.99912;	175.5599736;	3.0;	8388608.0;	609570.9333333333;	0.0;	6.333333333333333;	7.066666666666666;	1.8666666666666667
1376321446;	2;	5851.99912;	195.06663733333335;	3.333333333333333;	8388608.0;	357912.5333333333;	8.733333333333333;	8.533333333333333;	7.333333333333333;	2.466666666666667
1376321746;	2;	5851.99912;	175.5599736;	3.0;	8388608.0;	520092.8;	0.0;	6.8;	7.466666666666667;	2.2666666666666666
1376322046;	2;	5851.99912;	175.5599736;	3.0;	8388608.0;	385875.2;	0.0;	6.266666666666667;	7.2;	2.2
1376322346;	2;	5851.99912;	195.06663733333335;	3.333333333333333;	8388608.0;	492130.13333333336;	8.733333333333333;	8.533333333333333;	7.2;	2.8
1376322647;	2;	5851.99912;	177.51063997333335;	3.033333333333333;	8388608.0;	380282.4;	0.0;	6.733333333333333;	7.0;	2.0
1376322947;	2;	5851.99912;	175.5599736;	3.0;	8388608.0;	285210.93333333335;	0.0;	6.266666666666667;	7.0;	2.0
1376323247;	2;	5851.99912;	193.11597096000003;	3.3;	8388608.0;	452983.2;	8.733333333333333;	8.2;	7.133333333333334;	2.466666666666667
1376323547;	2;	5851.99912;	175.5599736;	3.0;	8388608.0;	503315.2;	0.0;	6.666666666666667;	7.066666666666666;	1.9333333333333333
1376323847;	2;	5851.99912;	177.51063997333335;	3.033333333333333;	8388608.0;	464168.5333333333;	0.0;	6.333333333333333;	7.0;	1.9333333333333333
1376324147;	2;	5851.99912;	193.11597096000003;	3.3;	8388608.0;	676679.7333333333;	8.733333333333333;	8.2;	7.133333333333334;	2.7333333333333334
1376324447;	2;	5851.99912;	179.46130634666667;	3.066666666666667;	8388608.0;	503315.2;	0.0;	7.0;	7.066666666666666;	1.7333333333333334
1376324747;	2;	5851.99912;	175.5599736;	3.0;	8388608.0;	436205.6;	0.0;	6.533333333333333;	7.133333333333334;	1.7333333333333334
1376325047;	2;	5851.99912;	197.01730370666667;	3.3666666666666667;	8388608.0;	503315.2;	8.733333333333333;	8.266666666666667;	7.2;	2.6
1376325347;	2;	5851.99912;	175.5599736;	3.0;	8388608.0;	441798.93333333335;	0.0;	6.733333333333333;	7.0;	1.7333333333333334
1376325647;	2;	5851.99912;	173.6093072266667;	2.966666666666667;	8388608.0;	536868.8;	0.0;	6.266666666666667;	7.133333333333334;	1.8666666666666667
1376325947;	2;	5851.99912;	193.11597096000003;	3.3;	8388608.0;	469760.5333333333;	8.733333333333333;	8.333333333333334;	7.466666666666667;	2.8666666666666667
1376326247;	2;	5851.99912;	175.5599736;	3.0;	8388608.0;	486538.4;	0.0;	6.733333333333333;	7.466666666666667;	2.2
1376326547;	2;	5851.99912;	175.5599736;	3.0;	8388608.0;	380281.86666666664;	0.0;	7.0;	7.333333333333333;	2.2666666666666666
1376326847;	2;	5851.99912;	197.01730370666667;	3.3666666666666667;	8388608.0;	452983.2;	8.733333333333333;	8.733333333333333;	7.266666666666667;	2.466666666666667
1376327147;	2;	5851.99912;	177.51063997333335;	3.033333333333333;	8388608.0;	637532.8;	0.0;	6.666666666666667;	7.266666666666667;	2.1333333333333333
1376327447;	2;	5851.99912;	175.5599736;	3.0;	8388608.0;	469760.8;	0.0;	6.266666666666667;	7.333333333333333;	2.1333333333333333
1376327747;	2;	5851.99912;	193.11597096000003;	3.3;	8388608.0;	643125.0666666667;	8.733333333333333;	8.533333333333333;	7.4;	2.933333333333333
1376328047;	2;	5851.99912;	181.41197272000002;	3.1;	8388608.0;	581609.0666666667;	0.06666666666666667;	7.2;	7.266666666666667;	2.0
1376328347;	2;	5851.99912;	175.5599736;	3.0;	8388608.0;	436206.4;	0.0;	6.133333333333334;	7.066666666666666;	1.7333333333333334
1376328647;	2;	5851.99912;	195.06663733333335;	3.333333333333333;	8388608.0;	385873.6;	8.733333333333333;	8.2;	7.333333333333333;	2.6666666666666665
1376328947;	2;	5851.99912;	175.5599736;	3.0;	8388608.0;	452983.2;	0.0;	6.533333333333333;	7.0;	2.0
1376329247;	2;	5851.99912;	173.6093072266667;	2.966666666666667;	8388608.0;	402652.0;	0.0;	5.933333333333334;	7.0;	2.0
1376329547;	2;	5851.99912;	198.96797008000001;	3.4;	8388608.0;	408243.4666666667;	8.733333333333333;	8.2;	7.2;	2.7333333333333334
1376329847;	2;	5851.99912;	175.5599736;	3.0;	8388608.0;	587201.6;	0.0;	6.533333333333333;	7.0;	1.8666666666666667
1376330147;	2;	5851.99912;	177.51063997333335;	3.033333333333333;	8388608.0;	620756.0;	0.0;	6.066666666666666;	7.0;	1.9333333333333333
1376330447;	2;	5851.99912;	193.11597096000003;	3.3;	8388608.0;	553646.4;	8.733333333333333;	8.133333333333333;	7.066666666666666;	2.466666666666667
1376330747;	2;	5851.99912;	175.5599736;	3.0;	8388608.0;	570423.2;	0.0;	6.733333333333333;	7.066666666666666;	1.9333333333333333
1376331047;	2;	5851.99912;	175.5599736;	3.0;	8388608.0;	352320.0;	0.0;	5.933333333333334;	7.2;	1.8666666666666667
1376331347;	2;	5851.99912;	193.11597096000003;	3.3;	8388608.0;	391467.2;	8.733333333333333;	8.133333333333333;	7.4;	2.8
1376331647;	2;	5851.99912;	181.41197272000002;	3.1;	8388608.0;	452984.0;	0.06666666666666667;	7.2;	7.266666666666667;	1.9333333333333333
1376331947;	2;	5851.99912;	171.65864085333334;	2.933333333333333;	8388608.0;	352320.0;	0.0;	6.133333333333334;	7.066666666666666;	2.0
1376332247;	2;	5851.99912;	193.11597096000003;	3.3;	8388608.0;	503315.2;	8.733333333333333;	8.333333333333334;	7.2;	2.7333333333333334
1376332547;	2;	5851.99912;	173.6093072266667;	2.966666666666667;	8388608.0;	469760.8;	0.0;	6.933333333333334;	7.133333333333334;	1.9333333333333333
1376332847;	2;	5851.99912;	179.46130634666667;	3.066666666666667;	8388608.0;	408245.06666666665;	0.0;	7.266666666666667;	7.066666666666666;	1.8
1376333147;	2;	5851.99912;	193.11597096000003;	3.3;	8388608.0;	704640.8;	8.8;	8.266666666666667;	7.333333333333333;	2.7333333333333334
1376333447;	2;	5851.99912;	175.5599736;	3.0;	8388608.0;	581609.0666666667;	0.0;	6.6;	7.0;	1.8
1376333747;	2;	5851.99912;	175.5599736;	3.0;	8388608.0;	503316.0;	0.0;	6.333333333333333;	7.266666666666667;	2.066666666666667
1376334047;	2;	5851.99912;	195.06663733333335;	3.333333333333333;	8388608.0;	452983.2;	8.733333333333333;	8.4;	7.2;	2.466666666666667
1376334347;	2;	5851.99912;	175.5599736;	3.0;	8388608.0;	536868.8;	0.0;	6.533333333333333;	7.066666666666666;	1.8666666666666667
1376334647;	2;	5851.99912;	173.6093072266667;	2.966666666666667;	8388608.0;	475353.6;	0.0;	6.333333333333333;	7.066666666666666;	2.0
1376334947;	2;	5851.99912;	197.01730370666667;	3.3666666666666667;	8388608.0;	721418.4;	8.733333333333333;	8.266666666666667;	7.266666666666667;	2.8
1376335247;	2;	5851.99912;	179.46130634666667;	3.066666666666667;	8388608.0;	536869.6;	0.0;	7.266666666666667;	7.0;	2.0
1376335547;	2;	5851.99912;	175.5599736;	3.0;	8388608.0;	430613.3333333333;	0.0;	6.266666666666667;	7.533333333333333;	2.2666666666666666
1376335847;	2;	5851.99912;	195.06663733333335;	3.333333333333333;	8388608.0;	486537.6;	8.733333333333333;	8.4;	7.466666666666667;	3.0
1376336147;	2;	5851.99912;	173.6093072266667;	2.966666666666667;	8388608.0;	738196.0;	0.0;	6.533333333333333;	7.266666666666667;	1.8666666666666667
1376336447;	2;	5851.99912;	171.65864085333334;	2.933333333333333;	8388608.0;	469760.8;	0.0;	6.066666666666666;	6.933333333333334;	1.7333333333333334
1376336747;	2;	5851.99912;	195.06663733333335;	3.333333333333333;	8388608.0;	520092.0;	8.733333333333333;	8.133333333333333;	7.2;	2.466666666666667
1376337047;	2;	5851.99912;	175.5599736;	3.0;	8388608.0;	536869.6;	0.0;	6.4;	7.066666666666666;	1.8666666666666667
1376337347;	2;	5851.99912;	175.5599736;	3.0;	8388608.0;	374690.13333333336;	0.0;	6.133333333333334;	7.2;	1.9333333333333333
1376337647;	2;	5851.99912;	193.11597096000003;	3.3;	8388608.0;	542461.0666666667;	8.733333333333333;	8.2;	7.133333333333334;	2.6666666666666665
1376337947;	2;	5851.99912;	175.5599736;	3.0;	8388608.0;	704640.8;	0.0;	6.6;	7.333333333333333;	2.0
1376338248;	2;	5851.99912;	177.51063997333335;	3.033333333333333;	8388608.0;	329950.6666666667;	0.0;	6.333333333333333;	7.2;	1.8
1376338548;	2;	5851.99912;	195.06663733333335;	3.333333333333333;	8388608.0;	480946.4;	8.733333333333333;	8.666666666666666;	7.333333333333333;	2.7333333333333334
1376338848;	2;	5851.99912;	175.5599736;	3.0;	8388608.0;	520091.73333333334;	0.06666666666666667;	7.533333333333333;	7.333333333333333;	1.9333333333333333
1376339148;	2;	5851.99912;	175.5599736;	3.0;	8388608.0;	570423.4666666667;	0.0;	6.266666666666667;	7.133333333333334;	2.0
1376339448;	2;	5851.99912;	198.96797008000001;	3.4;	8388608.0;	436205.6;	8.733333333333333;	8.066666666666666;	7.2;	2.533333333333333
1376339748;	2;	5851.99912;	177.51063997333335;	3.033333333333333;	8388608.0;	536869.6;	0.0;	6.466666666666667;	6.933333333333334;	1.9333333333333333
1376340048;	2;	5851.99912;	175.5599736;	3.0;	8388608.0;	408245.06666666665;	0.0;	19.6;	7.0;	1.8666666666666667
1376340348;	2;	5851.99912;	198.96797008000001;	3.4;	8388608.0;	492130.4;	8.733333333333333;	8.133333333333333;	7.133333333333334;	2.8
1376340648;	2;	5851.99912;	175.5599736;	3.0;	8388608.0;	581608.8;	0.0;	6.733333333333333;	7.0;	2.0
1376340948;	2;	5851.99912;	175.5599736;	3.0;	8388608.0;	520092.26666666666;	0.0;	5.8;	7.133333333333334;	1.9333333333333333
1376341248;	2;	5851.99912;	202.86930282666668;	3.466666666666667;	8388608.0;	615162.6666666666;	8.733333333333333;	8.4;	7.133333333333334;	2.4
1376341548;	2;	5851.99912;	175.5599736;	3.0;	8388608.0;	609570.9333333333;	0.0;	6.533333333333333;	7.0;	1.8666666666666667
1376341848;	2;	5851.99912;	175.5599736;	3.0;	8388608.0;	419428.8;	0.0;	5.933333333333334;	7.266666666666667;	1.8666666666666667
1376342148;	2;	5851.99912;	195.06663733333335;	3.333333333333333;	8388608.0;	704641.3333333334;	8.733333333333333;	8.133333333333333;	7.4;	2.6
1376342448;	2;	5851.99912;	181.41197272000002;	3.1;	8388608.0;	721418.6666666666;	0.13333333333333333;	7.066666666666666;	7.266666666666667;	2.0
1376342748;	2;	5851.99912;	175.5599736;	3.0;	8388608.0;	464168.0;	0.0;	6.066666666666666;	7.533333333333333;	2.1333333333333333
1376343048;	2;	5851.99912;	193.11597096000003;	3.3;	8388608.0;	603978.4;	8.733333333333333;	8.133333333333333;	7.733333333333333;	2.8666666666666667
1376343348;	2;	5851.99912;	175.5599736;	3.0;	8388608.0;	553646.4;	0.0;	6.6;	7.266666666666667;	2.0
1376343648;	2;	5851.99912;	175.5599736;	3.0;	8388608.0;	369097.06666666665;	0.0;	6.0;	7.266666666666667;	2.0
1376343948;	2;	5851.99912;	195.06663733333335;	3.333333333333333;	8388608.0;	419428.8;	8.733333333333333;	8.066666666666666;	7.266666666666667;	2.8
1376344248;	2;	5851.99912;	175.5599736;	3.0;	8388608.0;	503315.4666666667;	0.0;	6.4;	7.133333333333334;	1.9333333333333333
1376344548;	2;	5851.99912;	175.5599736;	3.0;	8388608.0;	425021.3333333333;	0.0;	6.066666666666666;	7.0;	2.0
1376344848;	2;	5851.99912;	189.2146382133333;	3.233333333333333;	8388608.0;	464168.26666666666;	8.733333333333333;	8.533333333333333;	7.066666666666666;	2.4
1376345148;	2;	5851.99912;	177.51063997333335;	3.033333333333333;	8388608.0;	777342.6666666666;	0.0;	6.266666666666667;	7.0;	2.0
1376345448;	2;	5851.99912;	171.65864085333334;	2.933333333333333;	8388608.0;	447390.93333333335;	0.0;	6.0;	7.0;	2.0
1376345748;	2;	5851.99912;	197.01730370666667;	3.3666666666666667;	8388608.0;	486537.6;	8.733333333333333;	8.466666666666667;	7.266666666666667;	2.8
1376346048;	2;	5851.99912;	179.46130634666667;	3.066666666666667;	8388608.0;	603977.8666666667;	0.06666666666666667;	7.533333333333333;	7.066666666666666;	1.9333333333333333
1376346348;	2;	5851.99912;	175.5599736;	3.0;	8388608.0;	620755.7333333333;	0.0;	7.066666666666666;	7.066666666666666;	1.8
1376346648;	2;	5851.99912;	197.01730370666667;	3.3666666666666667;	8388608.0;	615162.9333333333;	8.733333333333333;	9.333333333333334;	7.333333333333333;	2.533333333333333
1376346948;	2;	5851.99912;	177.51063997333335;	3.033333333333333;	8388608.0;	917152.8;	0.0;	6.533333333333333;	7.2;	1.8
1376347248;	2;	5851.99912;	179.46130634666667;	3.066666666666667;	8388608.0;	581608.2666666667;	0.0;	6.066666666666666;	7.133333333333334;	1.9333333333333333
1376347548;	2;	5851.99912;	193.11597096000003;	3.3;	8388608.0;	469760.5333333333;	8.8;	8.266666666666667;	7.4;	2.6
1376347848;	2;	5851.99912;	179.46130634666667;	3.066666666666667;	8388608.0;	559238.9333333333;	0.0;	6.4;	7.333333333333333;	2.066666666666667
1376348148;	2;	5851.99912;	177.51063997333335;	3.033333333333333;	8388608.0;	710234.1333333333;	0.0;	6.0;	7.266666666666667;	2.066666666666667
1376348448;	2;	5851.99912;	200.91863645333333;	3.433333333333333;	8388608.0;	626347.4666666667;	8.8;	108.6;	7.266666666666667;	2.4
1376348749;	2;	5851.99912;	179.46130634666667;	3.066666666666667;	8388608.0;	631940.5333333333;	0.0;	6.6;	7.066666666666666;	1.9333333333333333
1376349049;	2;	5851.99912;	177.51063997333335;	3.033333333333333;	8388608.0;	475352.26666666666;	0.0;	6.6;	7.066666666666666;	1.9333333333333333
1376349349;	2;	5851.99912;	198.96797008000001;	3.4;	8388608.0;	525684.5333333333;	9.357142857142858;	9.0;	7.4;	2.6666666666666665
1376349649;	2;	5851.99912;	183.36263909333334;	3.1333333333333333;	8388608.0;	598385.8666666667;	0.0;	7.0;	7.333333333333333;	2.2666666666666666
1376349949;	2;	5851.99912;	175.5599736;	3.0;	8388608.0;	408244.0;	0.0;	5.933333333333334;	7.266666666666667;	2.2
1376350249;	2;	5851.99912;	193.11597096000003;	3.3;	8388608.0;	508907.73333333334;	8.8;	8.466666666666667;	7.333333333333333;	2.8666666666666667
1376350549;	2;	5851.99912;	175.5599736;	3.0;	8388608.0;	587201.6;	0.0;	6.466666666666667;	7.2;	2.0
1376350849;	2;	5851.99912;	175.5599736;	3.0;	8388608.0;	508907.73333333334;	0.0;	5.933333333333334;	7.333333333333333;	2.0
1376351149;	2;	5851.99912;	193.11597096000003;	3.3;	8388608.0;	564830.4;	8.733333333333333;	8.6;	7.266666666666667;	2.7333333333333334
1376351449;	2;	5851.99912;	175.5599736;	3.0;	8388608.0;	452983.4666666667;	0.0;	6.4;	7.066666666666666;	2.0
1376351749;	2;	5851.99912;	175.5599736;	3.0;	8388608.0;	346728.5333333333;	0.0;	6.066666666666666;	7.066666666666666;	1.9333333333333333
1376352049;	2;	5851.99912;	193.11597096000003;	3.3;	8388608.0;	576015.7333333333;	8.8;	8.733333333333333;	7.266666666666667;	2.533333333333333
1376352349;	2;	5851.99912;	175.5599736;	3.0;	8388608.0;	676679.4666666667;	0.0;	6.466666666666667;	7.133333333333334;	2.066666666666667
1376352649;	2;	5851.99912;	177.51063997333335;	3.033333333333333;	8388608.0;	525684.5333333333;	0.0;	6.6;	7.2;	1.7333333333333334
1376352949;	2;	5851.99912;	193.11597096000003;	3.3;	8388608.0;	469760.5333333333;	8.733333333333333;	8.0;	7.466666666666667;	2.8666666666666667
1376353249;	2;	5851.99912;	179.46130634666667;	3.066666666666667;	8388608.0;	648716.8;	0.06666666666666667;	7.266666666666667;	7.0;	1.8666666666666667
1376353549;	2;	5851.99912;	175.5599736;	3.0;	8388608.0;	402652.0;	0.0;	6.0;	7.133333333333334;	1.9333333333333333
1376353849;	2;	5851.99912;	193.11597096000003;	3.3;	8388608.0;	514499.2;	8.733333333333333;	8.733333333333333;	7.333333333333333;	2.7333333333333334
1376354149;	2;	5851.99912;	175.5599736;	3.0;	8388608.0;	671086.9333333333;	0.0;	6.4;	7.066666666666666;	1.9333333333333333
1376354449;	2;	5851.99912;	177.51063997333335;	3.033333333333333;	8388608.0;	329951.2;	0.0;	6.0;	6.933333333333334;	1.8666666666666667
1376354749;	2;	5851.99912;	195.06663733333335;	3.333333333333333;	8388608.0;	508906.93333333335;	8.733333333333333;	8.933333333333334;	7.2;	2.6666666666666665
1376355049;	2;	5851.99912;	175.5599736;	3.0;	8388608.0;	553647.2;	0.0;	6.2;	7.0;	1.9333333333333333
1376355349;	2;	5851.99912;	175.5599736;	3.0;	8388608.0;	441798.13333333336;	0.0;	6.133333333333334;	6.933333333333334;	1.8666666666666667
1376355649;	2;	5851.99912;	193.11597096000003;	3.3;	8388608.0;	631940.5333333333;	8.733333333333333;	8.133333333333333;	7.0;	2.533333333333333
1376355949;	2;	5851.99912;	175.5599736;	3.0;	8388608.0;	643124.8;	0.06666666666666667;	6.4;	7.066666666666666;	2.0
1376356249;	2;	5851.99912;	175.5599736;	3.0;	8388608.0;	419428.0;	0.0;	5.866666666666666;	7.066666666666666;	1.7333333333333334
1376356549;	2;	5851.99912;	193.11597096000003;	3.3;	8388608.0;	397058.93333333335;	8.733333333333333;	8.533333333333333;	7.2;	2.7333333333333334
1376356849;	2;	5851.99912;	177.51063997333335;	3.033333333333333;	8388608.0;	587200.5333333333;	0.06666666666666667;	7.2;	7.4;	2.2
1376357149;	2;	5851.99912;	247.73462941333335;	4.233333333333333;	8388608.0;	732604.2666666667;	130.06666666666666;	27.533333333333335;	7.4;	2.6
1376357449;	2;	5851.99912;	222.37596656000002;	3.8;	8388608.0;	1728051.2;	8.733333333333333;	10.4;	7.266666666666667;	2.8666666666666667
1376357749;	2;	5851.99912;	175.5599736;	3.0;	8388608.0;	905968.5333333333;	33.06666666666667;	10.666666666666666;	7.333333333333333;	2.2
1376358049;	2;	5851.99912;	177.51063997333335;	3.033333333333333;	8388608.0;	637532.2666666667;	0.0;	6.733333333333333;	7.266666666666667;	2.1333333333333333
1376358349;	2;	5851.99912;	195.06663733333335;	3.333333333333333;	8388608.0;	486537.3333333333;	8.733333333333333;	8.133333333333333;	7.2;	2.7333333333333334
1376358649;	2;	5851.99912;	175.5599736;	3.0;	8388608.0;	508907.73333333334;	0.0;	6.533333333333333;	7.133333333333334;	2.0
1376358949;	2;	5851.99912;	171.65864085333334;	2.933333333333333;	8388608.0;	425021.06666666665;	0.0;	6.2;	7.133333333333334;	2.066666666666667
1376359250;	2;	5851.99912;	193.11597096000003;	3.3;	8388608.0;	369097.86666666664;	8.8;	8.333333333333334;	7.133333333333334;	2.533333333333333
1376359550;	2;	5851.99912;	175.5599736;	3.0;	8388608.0;	508907.4666666667;	0.0;	6.533333333333333;	7.2;	2.066666666666667
1376359850;	2;	5851.99912;	175.5599736;	3.0;	8388608.0;	380281.86666666664;	0.0;	6.066666666666666;	7.2;	1.8
1376360150;	2;	5851.99912;	191.1653045866667;	3.266666666666667;	8388608.0;	452983.2;	8.733333333333333;	8.066666666666666;	7.4;	2.6666666666666665
1376360450;	2;	5851.99912;	175.5599736;	3.0;	8388608.0;	559238.9333333333;	0.06666666666666667;	7.266666666666667;	7.133333333333334;	1.9333333333333333
1376360750;	2;	5851.99912;	175.5599736;	3.0;	8388608.0;	503315.4666666667;	0.0;	6.2;	7.066666666666666;	2.0
1376361050;	2;	5851.99912;	195.06663733333335;	3.333333333333333;	8388608.0;	559239.2;	8.733333333333333;	8.2;	7.133333333333334;	2.6666666666666665
1376361350;	2;	5851.99912;	175.5599736;	3.0;	8388608.0;	536870.4;	0.0;	7.0;	7.0;	2.0
1376361650;	2;	5851.99912;	173.6093072266667;	2.966666666666667;	8388608.0;	570424.0;	0.0;	6.133333333333334;	7.0;	1.9333333333333333
1376361950;	2;	5851.99912;	193.11597096000003;	3.3;	8388608.0;	520093.06666666665;	8.733333333333333;	8.2;	7.2;	2.8
1376362250;	2;	5851.99912;	173.6093072266667;	2.966666666666667;	8388608.0;	620754.4;	0.0;	6.4;	7.0;	1.8666666666666667
1376362550;	2;	5851.99912;	175.5599736;	3.0;	8388608.0;	542461.6;	0.0;	6.266666666666667;	7.133333333333334;	2.0
1376362849;	2;	5851.99912;	195.06663733333335;	3.333333333333333;	8388608.0;	603978.1333333333;	8.733333333333333;	8.466666666666667;	7.2;	2.4
1376363149;	2;	5851.99912;	173.6093072266667;	2.966666666666667;	8388608.0;	570424.0;	0.0;	7.6;	7.066666666666666;	1.9333333333333333
1376363449;	2;	5851.99912;	175.5599736;	3.0;	8388608.0;	380281.86666666664;	0.0;	6.066666666666666;	6.933333333333334;	1.9333333333333333
1376363749;	2;	5851.99912;	200.91863645333333;	3.433333333333333;	8388608.0;	447390.93333333335;	8.733333333333333;	8.066666666666666;	7.533333333333333;	2.933333333333333
1376364049;	2;	5851.99912;	181.41197272000002;	3.1;	8388608.0;	520092.5333333333;	0.0;	7.333333333333333;	7.466666666666667;	2.2666666666666666
1376364349;	2;	5851.99912;	175.5599736;	3.0;	8388608.0;	313172.8;	0.0;	6.4;	7.333333333333333;	2.066666666666667
1376364650;	2;	5851.99912;	195.06663733333335;	3.333333333333333;	8388608.0;	637532.5333333333;	8.733333333333333;	8.866666666666667;	7.466666666666667;	2.8
1376364950;	2;	5851.99912;	173.6093072266667;	2.966666666666667;	8388608.0;	469760.8;	0.0;	6.666666666666667;	7.133333333333334;	2.0
1376365250;	2;	5851.99912;	175.5599736;	3.0;	8388608.0;	436206.6666666667;	0.0;	5.8;	7.066666666666666;	2.0
1376365550;	2;	5851.99912;	193.11597096000003;	3.3;	8388608.0;	363504.8;	8.733333333333333;	8.066666666666666;	7.2;	2.8
1376365850;	2;	5851.99912;	181.41197272000002;	3.1;	8388608.0;	542460.8;	0.0;	6.333333333333333;	7.066666666666666;	2.0
1376366150;	2;	5851.99912;	175.5599736;	3.0;	8388608.0;	548054.1333333333;	0.0;	6.266666666666667;	7.0;	2.0
1376366450;	2;	5851.99912;	195.06663733333335;	3.333333333333333;	8388608.0;	631940.0;	8.733333333333333;	7.933333333333334;	6.933333333333334;	2.4
1376366750;	2;	5851.99912;	175.5599736;	3.0;	8388608.0;	732603.4666666667;	0.0;	6.533333333333333;	7.066666666666666;	2.0
1376367050;	2;	5851.99912;	175.5599736;	3.0;	8388608.0;	609570.4;	0.0;	6.4;	7.0;	1.9333333333333333
1376367350;	2;	5851.99912;	193.11597096000003;	3.3;	8388608.0;	553646.9333333333;	8.733333333333333;	8.2;	7.266666666666667;	2.7333333333333334
1376367650;	2;	5851.99912;	181.41197272000002;	3.1;	8388608.0;	469761.06666666665;	0.06666666666666667;	7.6;	7.2;	1.8666666666666667
1376367950;	2;	5851.99912;	175.5599736;	3.0;	8388608.0;	492130.4;	8.466666666666667;	8.6;	7.066666666666666;	1.9333333333333333
1376368250;	2;	5851.99912;	197.01730370666667;	3.3666666666666667;	8388608.0;	665494.1333333333;	8.733333333333333;	8.333333333333334;	7.066666666666666;	2.466666666666667
1376368550;	2;	5851.99912;	175.5599736;	3.0;	8388608.0;	402651.4666666667;	0.0;	7.133333333333334;	7.133333333333334;	1.9333333333333333
1376368850;	2;	5851.99912;	175.5599736;	3.0;	8388608.0;	587201.0666666667;	0.0;	6.2;	7.333333333333333;	1.9333333333333333
1376369150;	2;	5851.99912;	193.11597096000003;	3.3;	8388608.0;	548054.1333333333;	8.733333333333333;	8.2;	7.333333333333333;	2.6666666666666665
1376369450;	2;	5851.99912;	175.5599736;	3.0;	8388608.0;	620755.2;	0.0;	6.666666666666667;	7.133333333333334;	2.0
1376369750;	2;	5851.99912;	175.5599736;	3.0;	8388608.0;	469760.5333333333;	0.0;	6.133333333333334;	7.266666666666667;	1.9333333333333333
1376370050;	2;	5851.99912;	193.11597096000003;	3.3;	8388608.0;	408244.26666666666;	8.733333333333333;	8.333333333333334;	7.066666666666666;	2.4
1376370350;	2;	5851.99912;	175.5599736;	3.0;	8388608.0;	531277.3333333334;	0.0;	6.666666666666667;	7.0;	2.0
1376370650;	2;	5851.99912;	175.5599736;	3.0;	8388608.0;	436206.4;	0.0;	6.2;	7.0;	1.9333333333333333
1376370950;	2;	5851.99912;	195.06663733333335;	3.333333333333333;	8388608.0;	570424.2666666667;	8.733333333333333;	8.0;	7.133333333333334;	2.8
1376371250;	2;	5851.99912;	185.3133054666667;	3.166666666666667;	8388608.0;	469760.0;	0.0;	7.4;	7.0;	2.0
1376371550;	2;	5851.99912;	177.51063997333335;	3.033333333333333;	8388608.0;	380282.93333333335;	0.0;	6.0;	7.0;	2.0
1376371850;	2;	5851.99912;	193.11597096000003;	3.3;	8388608.0;	564830.6666666666;	8.733333333333333;	8.6;	7.133333333333334;	2.7333333333333334
1376372150;	2;	5851.99912;	175.5599736;	3.0;	8388608.0;	603978.1333333333;	0.0;	6.733333333333333;	7.466666666666667;	2.4
1376372450;	2;	5851.99912;	175.5599736;	3.0;	8388608.0;	397059.4666666667;	0.0;	6.133333333333334;	7.333333333333333;	2.2
1376372750;	2;	5851.99912;	193.11597096000003;	3.3;	8388608.0;	503315.2;	8.733333333333333;	8.066666666666666;	7.466666666666667;	2.8
1376373050;	2;	5851.99912;	173.6093072266667;	2.966666666666667;	8388608.0;	430613.86666666664;	0.0;	6.4;	7.2;	1.9333333333333333
1376373350;	2;	5851.99912;	175.5599736;	3.0;	8388608.0;	419429.06666666665;	0.0;	6.4;	7.4;	2.2
1376373651;	2;	5851.99912;	198.96797008000001;	3.4;	8388608.0;	492129.3333333333;	8.733333333333333;	8.266666666666667;	7.133333333333334;	2.6
1376373951;	2;	5851.99912;	175.5599736;	3.0;	8388608.0;	452983.4666666667;	0.0;	6.533333333333333;	7.333333333333333;	2.2
1376374251;	2;	5851.99912;	175.5599736;	3.0;	8388608.0;	598385.8666666667;	0.0;	6.066666666666666;	7.466666666666667;	2.4
1376374551;	2;	5851.99912;	193.11597096000003;	3.3;	8388608.0;	548053.6;	8.733333333333333;	8.133333333333333;	7.666666666666667;	2.8666666666666667
1376374851;	2;	5851.99912;	179.46130634666667;	3.066666666666667;	8388608.0;	727010.1333333333;	0.0;	7.933333333333334;	7.466666666666667;	2.2
1376375151;	2;	5851.99912;	177.51063997333335;	3.033333333333333;	8388608.0;	587200.8;	0.0;	5.933333333333334;	7.266666666666667;	2.2
1376375451;	2;	5851.99912;	193.11597096000003;	3.3;	8388608.0;	536870.4;	8.733333333333333;	38.46666666666667;	7.2;	2.6666666666666665
1376375751;	2;	5851.99912;	173.6093072266667;	2.966666666666667;	8388608.0;	458575.4666666667;	0.0;	6.733333333333333;	7.066666666666666;	1.8
1376376051;	2;	5851.99912;	173.6093072266667;	2.966666666666667;	8388608.0;	397059.4666666667;	0.0;	6.133333333333334;	7.133333333333334;	1.8666666666666667
1376376351;	2;	5851.99912;	191.1653045866667;	3.266666666666667;	8388608.0;	631940.2666666667;	8.733333333333333;	8.266666666666667;	7.2;	2.533333333333333
1376376651;	2;	5851.99912;	175.5599736;	3.0;	8388608.0;	525684.8;	0.0;	6.8;	7.0;	1.7333333333333334
1376376951;	2;	5851.99912;	177.51063997333335;	3.033333333333333;	8388608.0;	374690.13333333336;	0.0;	8.0;	7.2;	2.0
1376377251;	2;	5851.99912;	193.11597096000003;	3.3;	8388608.0;	503315.73333333334;	8.733333333333333;	8.0;	7.2;	2.466666666666667
1376377551;	2;	5851.99912;	175.5599736;	3.0;	8388608.0;	480945.06666666665;	0.0;	6.666666666666667;	7.066666666666666;	1.9333333333333333
1376377851;	2;	5851.99912;	175.5599736;	3.0;	8388608.0;	603977.6;	0.0;	6.133333333333334;	7.0;	1.8666666666666667
1376378151;	2;	5851.99912;	193.11597096000003;	3.3;	8388608.0;	570423.2;	8.733333333333333;	9.133333333333333;	7.333333333333333;	2.7333333333333334
1376378451;	2;	5851.99912;	179.46130634666667;	3.066666666666667;	8388608.0;	508908.0;	0.0;	8.533333333333333;	7.333333333333333;	2.2
1376378751;	2;	5851.99912;	173.6093072266667;	2.966666666666667;	8388608.0;	397059.4666666667;	0.0;	6.333333333333333;	7.266666666666667;	2.066666666666667
1376379051;	2;	5851.99912;	195.06663733333335;	3.333333333333333;	8388608.0;	391466.4;	8.733333333333333;	8.733333333333333;	7.533333333333333;	2.8
1376379351;	2;	5851.99912;	175.5599736;	3.0;	8388608.0;	559239.2;	0.0;	7.066666666666666;	7.666666666666667;	2.2
1376379651;	2;	5851.99912;	175.5599736;	3.0;	8388608.0;	587200.8;	0.0;	6.266666666666667;	7.533333333333333;	2.1333333333333333
1376379951;	2;	5851.99912;	195.06663733333335;	3.333333333333333;	8388608.0;	419428.8;	8.733333333333333;	21.933333333333334;	7.666666666666667;	2.8
1376380251;	2;	5851.99912;	175.5599736;	3.0;	8388608.0;	452983.2;	0.0;	6.8;	7.266666666666667;	2.066666666666667
1376380551;	2;	5851.99912;	171.65864085333334;	2.933333333333333;	8388608.0;	397058.93333333335;	0.0;	6.2;	7.333333333333333;	1.8
1376380851;	2;	5851.99912;	195.06663733333335;	3.333333333333333;	8388608.0;	553646.4;	8.733333333333333;	8.266666666666667;	7.2;	2.4
1376381151;	2;	5851.99912;	175.5599736;	3.0;	8388608.0;	570424.8;	0.0;	6.533333333333333;	7.133333333333334;	1.8666666666666667
1376381451;	2;	5851.99912;	175.5599736;	3.0;	8388608.0;	318765.6;	0.0;	6.4;	7.133333333333334;	1.6666666666666667
1376381751;	2;	5851.99912;	195.06663733333335;	3.333333333333333;	8388608.0;	508907.4666666667;	8.733333333333333;	8.6;	7.2;	2.7333333333333334
1376382051;	2;	5851.99912;	177.51063997333335;	3.033333333333333;	8388608.0;	520092.8;	0.0;	7.866666666666666;	7.0;	1.9333333333333333
1376382351;	2;	5851.99912;	171.65864085333334;	2.933333333333333;	8388608.0;	413836.5333333333;	0.0;	6.333333333333333;	7.0;	1.9333333333333333
1376382651;	2;	5851.99912;	197.01730370666667;	3.3666666666666667;	8388608.0;	609570.9333333333;	8.733333333333333;	8.266666666666667;	7.133333333333334;	2.8
1376382951;	2;	5851.99912;	175.5599736;	3.0;	8388608.0;	553647.2;	0.0;	7.0;	7.066666666666666;	1.9333333333333333
1376383251;	2;	5851.99912;	173.6093072266667;	2.966666666666667;	8388608.0;	268433.6;	0.0;	6.266666666666667;	7.0;	2.0
1376383551;	2;	5851.99912;	193.11597096000003;	3.3;	8388608.0;	341135.4666666667;	8.733333333333333;	8.266666666666667;	7.2;	2.6666666666666665
1376383851;	2;	5851.99912;	179.46130634666667;	3.066666666666667;	8388608.0;	520092.8;	0.0;	6.8;	7.066666666666666;	1.7333333333333334
1376384151;	2;	5851.99912;	175.5599736;	3.0;	8388608.0;	452984.0;	0.0;	6.4;	6.866666666666666;	1.7333333333333334
1376384451;	2;	5851.99912;	191.1653045866667;	3.266666666666667;	8388608.0;	520092.26666666666;	8.733333333333333;	8.266666666666667;	7.0;	2.4
1376384752;	2;	5851.99912;	175.5599736;	3.0;	8388608.0;	620755.2;	0.0;	6.8;	7.066666666666666;	1.8
1376385052;	2;	5851.99912;	175.5599736;	3.0;	8388608.0;	452983.2;	0.0;	6.133333333333334;	7.133333333333334;	1.9333333333333333
1376385352;	2;	5851.99912;	195.06663733333335;	3.333333333333333;	8388608.0;	464168.26666666666;	8.733333333333333;	8.8;	7.866666666666666;	3.2666666666666666
1376385652;	2;	5851.99912;	181.41197272000002;	3.1;	8388608.0;	520092.8;	0.0;	7.733333333333333;	7.533333333333333;	2.2
1376385952;	2;	5851.99912;	175.5599736;	3.0;	8388608.0;	486537.6;	0.0;	6.533333333333333;	7.2;	2.1333333333333333
1376386252;	2;	5851.99912;	193.11597096000003;	3.3;	8388608.0;	525684.5333333333;	8.733333333333333;	8.266666666666667;	7.466666666666667;	2.8
1376386552;	2;	5851.99912;	175.5599736;	3.0;	8388608.0;	721418.4;	0.0;	7.0;	7.6;	2.3333333333333335
1376386852;	2;	5851.99912;	177.51063997333335;	3.033333333333333;	8388608.0;	570423.2;	0.0;	6.066666666666666;	7.133333333333334;	2.0
1376387152;	2;	5851.99912;	193.11597096000003;	3.3;	8388608.0;	514500.26666666666;	8.733333333333333;	8.266666666666667;	7.4;	2.8666666666666667
1376387452;	2;	5851.99912;	175.5599736;	3.0;	8388608.0;	603978.4;	0.0;	6.866666666666666;	7.2;	2.2
1376387752;	2;	5851.99912;	169.70797448000002;	2.9;	8388608.0;	369097.3333333333;	0.0;	6.266666666666667;	7.133333333333334;	2.0
1376388052;	2;	5851.99912;	198.96797008000001;	3.4;	8388608.0;	631940.2666666667;	8.733333333333333;	8.4;	7.0;	2.466666666666667
1376388352;	2;	5851.99912;	175.5599736;	3.0;	8388608.0;	553646.4;	0.0;	6.6;	7.0;	2.0
1376388652;	2;	5851.99912;	175.5599736;	3.0;	8388608.0;	469760.8;	0.0;	6.266666666666667;	7.0;	1.8666666666666667
1376388952;	2;	5851.99912;	197.01730370666667;	3.3666666666666667;	8388608.0;	497722.4;	8.733333333333333;	8.266666666666667;	7.133333333333334;	2.466666666666667
1376389252;	2;	5851.99912;	177.51063997333335;	3.033333333333333;	8388608.0;	503315.2;	0.0;	7.8;	7.066666666666666;	1.7333333333333334
1376389552;	2;	5851.99912;	175.5599736;	3.0;	8388608.0;	374690.13333333336;	0.0;	6.2;	7.066666666666666;	1.6666666666666667
1376389852;	2;	5851.99912;	197.01730370666667;	3.3666666666666667;	8388608.0;	654309.8666666667;	8.8;	8.266666666666667;	7.2;	2.6666666666666665
1376390152;	2;	5851.99912;	175.5599736;	3.0;	8388608.0;	838859.2;	0.06666666666666667;	7.4;	7.466666666666667;	2.466666666666667
1376390452;	2;	5851.99912;	181.41197272000002;	3.1;	8388608.0;	570423.2;	0.0;	7.133333333333334;	8.066666666666666;	3.066666666666667
1376390752;	2;	5851.99912;	197.01730370666667;	3.3666666666666667;	8388608.0;	570423.2;	8.733333333333333;	8.133333333333333;	7.466666666666667;	3.0
1376391052;	2;	5851.99912;	185.3133054666667;	3.166666666666667;	8388608.0;	452983.2;	0.0;	7.133333333333334;	7.733333333333333;	2.533333333333333
1376391352;	2;	5851.99912;	183.36263909333334;	3.1333333333333333;	8388608.0;	268433.6;	0.0;	6.266666666666667;	8.133333333333333;	2.8666666666666667
1376391652;	2;	5851.99912;	197.01730370666667;	3.3666666666666667;	8388608.0;	452984.0;	8.8;	8.6;	8.0;	3.2
1376391952;	2;	5851.99912;	181.41197272000002;	3.1;	8388608.0;	458575.73333333334;	0.0;	7.2;	8.0;	3.0
1376392252;	2;	5851.99912;	177.51063997333335;	3.033333333333333;	8388608.0;	357912.26666666666;	0.0;	6.2;	7.933333333333334;	2.7333333333333334
1376392552;	2;	5851.99912;	204.8199692;	3.5;	8388608.0;	486538.4;	8.733333333333333;	8.2;	8.133333333333333;	3.6
1376392853;	2;	5851.99912;	185.3133054666667;	3.166666666666667;	8388608.0;	603978.4;	0.0;	7.866666666666666;	7.933333333333334;	2.8
1376393153;	2;	5851.99912;	179.46130634666667;	3.066666666666667;	8388608.0;	531276.8;	0.0;	6.6;	8.266666666666667;	3.2666666666666666
1376393453;	2;	5851.99912;	214.5733010666667;	3.666666666666667;	8388608.0;	464168.5333333333;	8.733333333333333;	10.066666666666666;	9.666666666666666;	5.333333333333333
1376393753;	2;	5851.99912;	185.3133054666667;	3.166666666666667;	8388608.0;	559239.4666666667;	0.0;	6.8;	8.666666666666666;	3.3333333333333335
1376394053;	2;	5851.99912;	181.41197272000002;	3.1;	8388608.0;	452983.2;	0.0;	6.266666666666667;	8.4;	3.2666666666666666
1376394353;	2;	5851.99912;	204.8199692;	3.5;	8388608.0;	531277.0666666667;	8.733333333333333;	8.6;	8.4;	4.0
1376394653;	2;	5851.99912;	177.51063997333335;	3.033333333333333;	8388608.0;	447390.93333333335;	0.0;	6.866666666666666;	8.266666666666667;	3.1333333333333333
1376394953;	2;	5851.99912;	175.5599736;	3.0;	8388608.0;	397059.4666666667;	0.0;	6.333333333333333;	8.2;	3.1333333333333333
1376395253;	2;	5851.99912;	202.86930282666668;	3.466666666666667;	8388608.0;	531277.3333333334;	8.8;	8.466666666666667;	8.066666666666666;	3.4
1376395552;	2;	5851.99912;	179.46130634666667;	3.066666666666667;	8388608.0;	508907.4666666667;	0.0;	6.666666666666667;	8.0;	2.8666666666666667
1376395852;	2;	5851.99912;	181.41197272000002;	3.1;	8388608.0;	570423.7333333333;	0.0;	6.333333333333333;	8.2;	3.066666666666667
1376396152;	2;	5851.99912;	200.91863645333333;	3.433333333333333;	8388608.0;	738195.7333333333;	8.866666666666667;	8.4;	8.466666666666667;	3.933333333333333
1376396452;	2;	5851.99912;	183.36263909333334;	3.1333333333333333;	8388608.0;	609571.2;	0.0;	8.466666666666667;	8.0;	2.7333333333333334
1376396752;	2;	5851.99912;	179.46130634666667;	3.066666666666667;	8388608.0;	492130.4;	0.0;	6.4;	8.066666666666666;	3.2666666666666666
1376397052;	2;	5851.99912;	200.91863645333333;	3.433333333333333;	8388608.0;	374689.6;	8.733333333333333;	8.533333333333333;	7.266666666666667;	2.6666666666666665
1376397352;	2;	5851.99912;	177.51063997333335;	3.033333333333333;	8388608.0;	492130.4;	0.0;	7.733333333333333;	8.533333333333333;	3.4
1376397652;	2;	5851.99912;	187.26397184;	3.2;	8388608.0;	615162.6666666666;	0.0;	7.333333333333333;	11.0;	6.866666666666666
1376397952;	2;	5851.99912;	214.5733010666667;	3.666666666666667;	8388608.0;	587200.8;	8.733333333333333;	9.0;	14.133333333333333;	11.466666666666667
1376398252;	2;	5851.99912;	200.91863645333333;	3.433333333333333;	8388608.0;	553646.4;	0.0;	8.4;	15.666666666666666;	12.933333333333334
1376398552;	2;	5851.99912;	197.01730370666667;	3.3666666666666667;	8388608.0;	447390.93333333335;	0.0;	6.533333333333333;	15.6;	13.0
1376398853;	2;	5851.99912;	220.42530018666673;	3.766666666666667;	8388608.0;	603978.9333333333;	8.733333333333333;	11.4;	14.2;	11.333333333333334
1376399153;	2;	5851.99912;	191.1653045866667;	3.266666666666667;	8388608.0;	576016.2666666667;	0.0;	6.666666666666667;	16.066666666666666;	13.4
1376399453;	2;	5851.99912;	197.01730370666667;	3.3666666666666667;	8388608.0;	615163.2;	0.0;	6.333333333333333;	16.266666666666666;	13.6
1376399753;	2;	5851.99912;	222.37596656000002;	3.8;	8388608.0;	665494.1333333333;	8.733333333333333;	8.6;	16.533333333333335;	14.533333333333333
1376400053;	2;	5851.99912;	206.77063557333335;	3.533333333333333;	8388608.0;	508907.2;	0.0;	7.733333333333333;	15.666666666666666;	12.933333333333334
1376400353;	2;	5851.99912;	198.96797008000001;	3.4;	8388608.0;	380281.6;	0.0;	6.266666666666667;	15.733333333333333;	13.133333333333333
1376400653;	2;	5851.99912;	220.42530018666673;	3.766666666666667;	8388608.0;	581609.0666666667;	8.733333333333333;	8.466666666666667;	15.866666666666667;	13.8
1376400953;	2;	5851.99912;	202.86930282666668;	3.466666666666667;	8388608.0;	738195.2;	0.0;	6.733333333333333;	15.666666666666666;	13.0
1376401253;	2;	5851.99912;	202.86930282666668;	3.466666666666667;	8388608.0;	419429.06666666665;	0.0;	6.466666666666667;	15.6;	12.866666666666667
1376401553;	2;	5851.99912;	218.4746338133333;	3.733333333333333;	8388608.0;	374690.4;	8.733333333333333;	8.466666666666667;	15.333333333333334;	12.933333333333334
1376401853;	2;	5851.99912;	195.06663733333335;	3.333333333333333;	8388608.0;	436205.6;	0.0;	6.866666666666666;	15.2;	12.133333333333333
1376402153;	2;	5851.99912;	193.11597096000003;	3.3;	8388608.0;	413836.8;	0.0;	6.266666666666667;	15.333333333333334;	12.266666666666667
1376402453;	2;	5851.99912;	218.4746338133333;	3.733333333333333;	8388608.0;	441798.4;	8.8;	8.6;	13.2;	10.0
1376402753;	2;	5851.99912;	202.86930282666668;	3.466666666666667;	8388608.0;	777342.6666666666;	0.0;	7.666666666666667;	14.6;	11.466666666666667
1376403053;	2;	5851.99912;	200.91863645333333;	3.433333333333333;	8388608.0;	464168.8;	0.0;	6.533333333333333;	14.466666666666667;	11.4
1376403353;	2;	5851.99912;	212.62263469333334;	3.6333333333333333;	8388608.0;	458575.2;	8.733333333333333;	8.4;	15.133333333333333;	12.466666666666667
1376403653;	2;	5851.99912;	202.86930282666668;	3.466666666666667;	8388608.0;	553646.1333333333;	0.0;	8.733333333333333;	15.266666666666667;	12.066666666666666
1376403953;	2;	5851.99912;	204.8199692;	3.5;	8388608.0;	553646.9333333333;	0.0;	8.266666666666667;	13.133333333333333;	9.333333333333334
1376404253;	2;	5851.99912;	216.52396744;	3.7;	8388608.0;	559238.9333333333;	8.733333333333333;	9.466666666666667;	10.133333333333333;	5.866666666666666
1376404553;	2;	5851.99912;	193.11597096000003;	3.3;	8388608.0;	609570.4;	0.0;	7.8;	9.4;	4.4
1376404853;	2;	5851.99912;	185.3133054666667;	3.166666666666667;	8388608.0;	754972.2666666667;	0.0;	7.866666666666666;	9.4;	4.466666666666667
1376405153;	2;	5851.99912;	208.72130194666667;	3.566666666666667;	8388608.0;	497722.13333333336;	8.733333333333333;	9.333333333333334;	9.533333333333333;	5.066666666666666
1376405453;	2;	5851.99912;	197.01730370666667;	3.3666666666666667;	8388608.0;	536869.3333333334;	0.0;	7.8;	9.266666666666667;	4.266666666666667
1376405753;	2;	5851.99912;	197.01730370666667;	3.3666666666666667;	8388608.0;	486537.6;	0.0;	7.133333333333334;	9.2;	4.333333333333333
1376406053;	2;	5851.99912;	210.67196832000002;	3.6;	8388608.0;	576016.2666666667;	8.8;	9.266666666666667;	8.666666666666666;	4.4
1376406353;	2;	5851.99912;	185.3133054666667;	3.166666666666667;	8388608.0;	665494.4;	0.0;	7.666666666666667;	8.466666666666667;	3.533333333333333
1376406653;	2;	5851.99912;	187.26397184;	3.2;	8388608.0;	503314.93333333335;	0.0;	7.533333333333333;	8.266666666666667;	3.2666666666666666
1376406954;	2;	5851.99912;	216.52396744;	3.7;	8388608.0;	520092.0;	8.8;	19.266666666666666;	8.533333333333333;	4.333333333333333
1376407254;	2;	5851.99912;	187.26397184;	3.2;	8388608.0;	581608.8;	0.0;	8.733333333333333;	8.4;	3.4
1376407554;	2;	5851.99912;	185.3133054666667;	3.166666666666667;	8388608.0;	335542.93333333335;	0.0;	7.266666666666667;	8.6;	3.7333333333333334
1376407854;	2;	5851.99912;	212.62263469333334;	3.6333333333333333;	8388608.0;	525684.2666666667;	8.8;	9.733333333333333;	8.533333333333333;	4.266666666666667
1376408154;	2;	5851.99912;	214.5733010666667;	3.666666666666667;	8388608.0;	464168.5333333333;	0.0;	15.133333333333333;	8.466666666666667;	3.8
1376408454;	2;	5851.99912;	183.36263909333334;	3.1333333333333333;	8388608.0;	363504.5333333333;	0.0;	6.533333333333333;	8.333333333333334;	3.1333333333333333
1376408754;	2;	5851.99912;	216.52396744;	3.7;	8388608.0;	508907.73333333334;	8.8;	8.933333333333334;	10.8;	7.0
1376409054;	2;	5851.99912;	197.01730370666667;	3.3666666666666667;	8388608.0;	503315.4666666667;	0.0;	7.266666666666667;	13.533333333333333;	9.933333333333334
1376409354;	2;	5851.99912;	195.06663733333335;	3.333333333333333;	8388608.0;	514499.4666666667;	0.0;	6.4;	14.466666666666667;	11.333333333333334
1376409654;	2;	5851.99912;	218.4746338133333;	3.733333333333333;	8388608.0;	475352.5333333333;	8.8;	8.733333333333333;	12.933333333333334;	9.733333333333333
1376409954;	2;	5851.99912;	202.86930282666668;	3.466666666666667;	8388608.0;	452983.4666666667;	0.0;	6.8;	13.933333333333334;	10.6
1376410254;	2;	5851.99912;	200.91863645333333;	3.433333333333333;	8388608.0;	385873.86666666664;	0.0;	6.333333333333333;	13.933333333333334;	10.4
1376410554;	2;	5851.99912;	220.42530018666673;	3.766666666666667;	8388608.0;	520092.8;	8.8;	8.266666666666667;	14.0;	11.2
1376410854;	2;	5851.99912;	218.4746338133333;	3.733333333333333;	8388608.0;	536869.8666666667;	130.0;	27.666666666666668;	13.866666666666667;	11.0
1376411154;	2;	5851.99912;	239.93196392;	4.1;	8388608.0;	1191179.7333333334;	0.0;	7.666666666666667;	14.0;	10.733333333333333
1376411454;	2;	5851.99912;	220.42530018666673;	3.766666666666667;	8388608.0;	799712.0;	41.86666666666667;	14.466666666666667;	13.666666666666666;	11.0
1376411754;	2;	5851.99912;	193.11597096000003;	3.3;	8388608.0;	816489.6;	0.0;	7.0;	13.8;	10.066666666666666
1376412054;	2;	5851.99912;	185.3133054666667;	3.166666666666667;	8388608.0;	508908.0;	0.0;	6.266666666666667;	13.533333333333333;	10.0
1376412354;	2;	5851.99912;	208.72130194666667;	3.566666666666667;	8388608.0;	419429.3333333333;	8.733333333333333;	8.266666666666667;	13.8;	10.933333333333334
1376412654;	2;	5851.99912;	197.01730370666667;	3.3666666666666667;	8388608.0;	480944.5333333333;	0.0;	7.2;	13.533333333333333;	10.2
1376412954;	2;	5851.99912;	198.96797008000001;	3.4;	8388608.0;	654309.3333333334;	0.0;	7.266666666666667;	15.466666666666667;	12.266666666666667
1376413255;	2;	5851.99912;	214.5733010666667;	3.666666666666667;	8388608.0;	620755.2;	8.8;	8.8;	13.733333333333333;	10.666666666666666
1376413555;	2;	5851.99912;	195.06663733333335;	3.333333333333333;	8388608.0;	492129.6;	0.0;	8.533333333333333;	16.466666666666665;	13.6
1376413855;	2;	5851.99912;	202.86930282666668;	3.466666666666667;	8388608.0;	715826.9333333333;	0.0;	6.333333333333333;	17.333333333333332;	15.133333333333333
1376414155;	2;	5851.99912;	224.32663293333334;	3.833333333333333;	8388608.0;	503314.13333333336;	8.8;	8.733333333333333;	17.6;	15.933333333333334
1376414455;	2;	5851.99912;	206.77063557333335;	3.533333333333333;	8388608.0;	497722.6666666667;	0.0;	8.0;	17.066666666666666;	14.4
1376414755;	2;	5851.99912;	198.96797008000001;	3.4;	8388608.0;	447391.73333333334;	0.0;	6.333333333333333;	16.933333333333334;	14.466666666666667
1376415055;	2;	5851.99912;	222.37596656000002;	3.8;	8388608.0;	452983.2;	8.8;	8.466666666666667;	17.0;	15.4
1376415355;	2;	5851.99912;	202.86930282666668;	3.466666666666667;	8388608.0;	508906.4;	0.0;	6.666666666666667;	16.933333333333334;	14.666666666666666
1376415655;	2;	5851.99912;	202.86930282666668;	3.466666666666667;	8388608.0;	436206.13333333336;	0.0;	6.333333333333333;	16.266666666666666;	13.666666666666666
1376415955;	2;	5851.99912;	216.52396744;	3.7;	8388608.0;	486537.86666666664;	8.8;	8.133333333333333;	16.733333333333334;	14.733333333333333
1376416255;	2;	5851.99912;	198.96797008000001;	3.4;	8388608.0;	520091.73333333334;	0.0;	6.533333333333333;	16.466666666666665;	13.933333333333334
1376416555;	2;	5851.99912;	198.96797008000001;	3.4;	8388608.0;	503315.2;	0.0;	6.4;	16.266666666666666;	13.933333333333334
1376416855;	2;	5851.99912;	222.37596656000002;	3.8;	8388608.0;	715826.1333333333;	8.8;	8.333333333333334;	14.4;	11.6
1376417155;	2;	5851.99912;	195.06663733333335;	3.333333333333333;	8388608.0;	654310.1333333333;	0.0;	7.333333333333333;	15.466666666666667;	12.533333333333333
1376417455;	2;	5851.99912;	189.2146382133333;	3.233333333333333;	8388608.0;	497722.6666666667;	0.0;	6.2;	15.4;	12.733333333333333
1376417755;	2;	5851.99912;	278.94529138666667;	4.766666666666667;	8388608.0;	570424.8;	8.8;	14.466666666666667;	16.0;	14.266666666666667
1376418055;	2;	5851.99912;	204.8199692;	3.5;	8388608.0;	665495.4666666667;	0.0;	8.6;	14.0;	10.666666666666666
1376418355;	2;	5851.99912;	212.62263469333334;	3.6333333333333333;	8388608.0;	548054.4;	0.0;	8.8;	13.133333333333333;	9.666666666666666
1376418655;	2;	5851.99912;	226.2772993066667;	3.8666666666666667;	8388608.0;	581608.5333333333;	8.733333333333333;	8.2;	12.066666666666666;	8.466666666666667
1376418955;	2;	5851.99912;	189.2146382133333;	3.233333333333333;	8388608.0;	598385.8666666667;	0.0;	6.466666666666667;	11.666666666666666;	7.733333333333333
1376419255;	2;	5851.99912;	206.77063557333335;	3.533333333333333;	8388608.0;	447390.4;	0.0;	8.4;	11.466666666666667;	7.333333333333333
1376419555;	2;	5851.99912;	220.42530018666673;	3.766666666666667;	8388608.0;	514499.4666666667;	8.8;	21.666666666666668;	11.533333333333333;	8.0
1376419855;	2;	5851.99912;	210.67196832000002;	3.6;	8388608.0;	732603.2;	0.0;	9.133333333333333;	11.2;	7.133333333333334
1376420155;	2;	5851.99912;	185.3133054666667;	3.166666666666667;	8388608.0;	480945.6;	0.0;	6.266666666666667;	10.4;	5.733333333333333
1376420455;	2;	5851.99912;	214.5733010666667;	3.666666666666667;	8388608.0;	615162.6666666666;	8.8;	9.666666666666666;	9.466666666666667;	5.2
1376420755;	2;	5851.99912;	214.5733010666667;	3.666666666666667;	8388608.0;	704641.6;	0.0;	8.666666666666666;	9.4;	4.8
1376421055;	2;	5851.99912;	189.2146382133333;	3.233333333333333;	8388608.0;	425021.3333333333;	0.0;	6.666666666666667;	8.866666666666667;	4.2
1376421355;	2;	5851.99912;	218.4746338133333;	3.733333333333333;	8388608.0;	609570.9333333333;	8.8;	8.733333333333333;	8.866666666666667;	4.866666666666666
1376421655;	2;	5851.99912;	185.3133054666667;	3.166666666666667;	8388608.0;	732603.7333333333;	0.0;	7.933333333333334;	8.333333333333334;	3.6
1376421955;	2;	5851.99912;	179.46130634666667;	3.066666666666667;	8388608.0;	430613.86666666664;	0.0;	6.533333333333333;	8.333333333333334;	3.8
1376422255;	2;	5851.99912;	208.72130194666667;	3.566666666666667;	8388608.0;	559239.2;	8.8;	8.8;	8.533333333333333;	4.4
1376422555;	2;	5851.99912;	185.3133054666667;	3.166666666666667;	8388608.0;	480945.3333333333;	0.0;	7.0;	8.266666666666667;	3.8
1376422856;	2;	5851.99912;	191.1653045866667;	3.266666666666667;	8388608.0;	542462.4;	0.0;	6.866666666666666;	8.266666666666667;	3.466666666666667
1376423156;	2;	5851.99912;	198.96797008000001;	3.4;	8388608.0;	486537.86666666664;	8.8;	8.266666666666667;	8.133333333333333;	3.7333333333333334
1376423456;	2;	5851.99912;	179.46130634666667;	3.066666666666667;	8388608.0;	480945.6;	0.0;	6.666666666666667;	7.733333333333333;	2.7333333333333334
1376423756;	2;	5851.99912;	179.46130634666667;	3.066666666666667;	8388608.0;	374689.86666666664;	0.0;	6.333333333333333;	8.0;	2.8666666666666667
1376424056;	2;	5851.99912;	206.77063557333335;	3.533333333333333;	8388608.0;	497721.6;	8.8;	8.266666666666667;	7.733333333333333;	3.3333333333333335
1376424356;	2;	5851.99912;	177.51063997333335;	3.033333333333333;	8388608.0;	452983.73333333334;	0.0;	6.866666666666666;	7.6;	2.6666666666666665
1376424656;	2;	5851.99912;	175.5599736;	3.0;	8388608.0;	335542.4;	0.0;	6.333333333333333;	7.266666666666667;	1.9333333333333333
1376424956;	2;	5851.99912;	197.01730370666667;	3.3666666666666667;	8388608.0;	570423.7333333333;	8.8;	8.466666666666667;	7.533333333333333;	2.8666666666666667
1376425256;	2;	5851.99912;	183.36263909333334;	3.1333333333333333;	8388608.0;	598386.1333333333;	0.0;	7.733333333333333;	7.0;	1.9333333333333333
1376425556;	2;	5851.99912;	179.46130634666667;	3.066666666666667;	8388608.0;	408244.8;	0.0;	6.133333333333334;	7.0;	2.0
1376425856;	2;	5851.99912;	200.91863645333333;	3.433333333333333;	8388608.0;	665494.6666666666;	8.8;	8.4;	7.333333333333333;	2.933333333333333
1376426156;	2;	5851.99912;	175.5599736;	3.0;	8388608.0;	536869.3333333334;	0.13333333333333333;	6.733333333333333;	7.133333333333334;	1.9333333333333333
1376426456;	2;	5851.99912;	175.5599736;	3.0;	8388608.0;	413837.6;	0.0;	6.0;	7.066666666666666;	1.8
1376426756;	2;	5851.99912;	197.01730370666667;	3.3666666666666667;	8388608.0;	570423.4666666667;	8.8;	8.333333333333334;	7.266666666666667;	2.8666666666666667
1376427056;	2;	5851.99912;	175.5599736;	3.0;	8388608.0;	441798.13333333336;	0.0;	6.733333333333333;	7.266666666666667;	1.9333333333333333
1376427356;	2;	5851.99912;	177.51063997333335;	3.033333333333333;	8388608.0;	441798.4;	0.0;	6.266666666666667;	7.266666666666667;	2.066666666666667
1376427656;	2;	5851.99912;	197.01730370666667;	3.3666666666666667;	8388608.0;	385874.6666666667;	8.8;	8.0;	7.2;	2.6666666666666665
1376427956;	2;	5851.99912;	175.5599736;	3.0;	8388608.0;	469760.8;	0.0;	6.866666666666666;	7.0;	1.9333333333333333
1376428256;	2;	5851.99912;	175.5599736;	3.0;	8388608.0;	469760.8;	0.0;	6.4;	7.133333333333334;	1.9333333333333333
1376428556;	2;	5851.99912;	197.01730370666667;	3.3666666666666667;	8388608.0;	581608.8;	8.8;	8.533333333333333;	7.466666666666667;	3.066666666666667
1376428856;	2;	5851.99912;	181.41197272000002;	3.1;	8388608.0;	771749.3333333334;	0.0;	7.733333333333333;	7.333333333333333;	2.3333333333333335
1376429156;	2;	5851.99912;	175.5599736;	3.0;	8388608.0;	363505.06666666665;	0.0;	6.333333333333333;	7.666666666666667;	2.466666666666667
1376429456;	2;	5851.99912;	195.06663733333335;	3.333333333333333;	8388608.0;	576016.2666666667;	17.333333333333332;	10.333333333333334;	7.466666666666667;	2.7333333333333334
1376429756;	2;	5851.99912;	175.5599736;	3.0;	8388608.0;	419428.8;	0.0;	7.066666666666666;	7.133333333333334;	2.066666666666667
1376430056;	2;	5851.99912;	175.5599736;	3.0;	8388608.0;	318766.13333333336;	0.0;	6.6;	7.0;	2.0
1376430356;	2;	5851.99912;	193.11597096000003;	3.3;	8388608.0;	452982.4;	8.8;	8.133333333333333;	7.2;	2.8
1376430656;	2;	5851.99912;	173.6093072266667;	2.966666666666667;	8388608.0;	710233.8666666667;	0.0;	6.733333333333333;	7.0;	2.0
1376430956;	2;	5851.99912;	177.51063997333335;	3.033333333333333;	8388608.0;	603978.4;	0.0;	6.266666666666667;	7.066666666666666;	2.066666666666667
1376431256;	2;	5851.99912;	198.96797008000001;	3.4;	8388608.0;	548054.4;	8.8;	8.333333333333334;	7.0;	2.6
1376431556;	2;	5851.99912;	175.5599736;	3.0;	8388608.0;	531276.5333333333;	0.0;	6.8;	7.133333333333334;	1.9333333333333333
1376431856;	2;	5851.99912;	175.5599736;	3.0;	8388608.0;	687864.8;	0.0;	6.333333333333333;	7.0;	1.6666666666666667
1376432156;	2;	5851.99912;	191.1653045866667;	3.266666666666667;	8388608.0;	452982.4;	8.8;	9.533333333333333;	7.4;	2.8
1376432456;	2;	5851.99912;	179.46130634666667;	3.066666666666667;	8388608.0;	503315.2;	0.0;	8.4;	7.2;	2.0
1376432756;	2;	5851.99912;	175.5599736;	3.0;	8388608.0;	385875.2;	0.0;	7.466666666666667;	7.066666666666666;	1.8666666666666667
1376433056;	2;	5851.99912;	197.01730370666667;	3.3666666666666667;	8388608.0;	464167.73333333334;	8.8;	9.266666666666667;	7.2;	2.8
1376433356;	2;	5851.99912;	177.51063997333335;	3.033333333333333;	8388608.0;	620755.2;	0.0;	6.666666666666667;	7.066666666666666;	1.9333333333333333
1376433656;	2;	5851.99912;	175.5599736;	3.0;	8388608.0;	503315.2;	0.0;	6.333333333333333;	7.066666666666666;	1.8666666666666667
1376433956;	2;	5851.99912;	198.96797008000001;	3.4;	8388608.0;	318766.4;	8.8;	8.066666666666666;	7.4;	2.8
1376434256;	2;	5851.99912;	177.51063997333335;	3.033333333333333;	8388608.0;	385875.4666666667;	0.0;	6.733333333333333;	7.2;	1.8666666666666667
1376434556;	2;	5851.99912;	175.5599736;	3.0;	8388608.0;	475352.8;	0.0;	6.2;	7.266666666666667;	1.8
1376434856;	2;	5851.99912;	200.91863645333333;	3.433333333333333;	8388608.0;	587200.0;	8.8;	106.8;	7.2;	2.6666666666666665
1376435156;	2;	5851.99912;	177.51063997333335;	3.033333333333333;	8388608.0;	637532.0;	0.0;	6.533333333333333;	7.066666666666666;	2.066666666666667
1376435456;	2;	5851.99912;	175.5599736;	3.0;	8388608.0;	335542.4;	0.0;	6.333333333333333;	7.0;	1.9333333333333333
1376435756;	2;	5851.99912;	200.91863645333333;	3.433333333333333;	8388608.0;	402652.0;	8.8;	8.733333333333333;	7.2;	2.7333333333333334
1376436056;	2;	5851.99912;	179.46130634666667;	3.066666666666667;	8388608.0;	436206.4;	0.0;	7.6;	7.133333333333334;	1.8666666666666667
1376436356;	2;	5851.99912;	175.5599736;	3.0;	8388608.0;	447391.2;	0.0;	6.266666666666667;	7.0;	2.0
1376436656;	2;	5851.99912;	200.91863645333333;	3.433333333333333;	8388608.0;	514500.5333333333;	8.8;	8.333333333333334;	7.266666666666667;	2.933333333333333
1376436956;	2;	5851.99912;	179.46130634666667;	3.066666666666667;	8388608.0;	637532.2666666667;	0.0;	6.4;	7.266666666666667;	1.9333333333333333
1376437256;	2;	5851.99912;	175.5599736;	3.0;	8388608.0;	369097.6;	0.0;	6.266666666666667;	7.066666666666666;	1.9333333333333333
1376437556;	2;	5851.99912;	198.96797008000001;	3.4;	8388608.0;	587200.5333333333;	8.8;	8.133333333333333;	7.266666666666667;	2.8666666666666667
1376437856;	2;	5851.99912;	175.5599736;	3.0;	8388608.0;	687864.8;	0.0;	6.6;	7.066666666666666;	2.0
1376438156;	2;	5851.99912;	175.5599736;	3.0;	8388608.0;	469760.0;	0.0;	5.933333333333334;	7.0;	2.0
1376438456;	2;	5851.99912;	197.01730370666667;	3.3666666666666667;	8388608.0;	542461.0666666667;	8.8;	7.733333333333333;	7.133333333333334;	2.4
1376438756;	2;	5851.99912;	175.5599736;	3.0;	8388608.0;	603978.4;	0.0;	6.733333333333333;	7.066666666666666;	1.7333333333333334
1376439056;	2;	5851.99912;	177.51063997333335;	3.033333333333333;	8388608.0;	452984.0;	0.0;	6.333333333333333;	7.266666666666667;	1.7333333333333334
1376439356;	2;	5851.99912;	191.1653045866667;	3.266666666666667;	8388608.0;	419428.8;	8.8;	8.2;	7.533333333333333;	2.7333333333333334
1376439656;	2;	5851.99912;	177.51063997333335;	3.033333333333333;	8388608.0;	436205.6;	0.0;	7.733333333333333;	7.133333333333334;	1.9333333333333333
1376439956;	2;	5851.99912;	175.5599736;	3.0;	8388608.0;	436206.4;	0.0;	6.266666666666667;	7.2;	1.8666666666666667
1376440256;	2;	5851.99912;	197.01730370666667;	3.3666666666666667;	8388608.0;	452983.2;	8.8;	8.533333333333333;	7.2;	2.8666666666666667
1376440557;	2;	5851.99912;	175.5599736;	3.0;	8388608.0;	581608.0;	0.0;	6.733333333333333;	7.066666666666666;	1.9333333333333333
1376440857;	2;	5851.99912;	171.65864085333334;	2.933333333333333;	8388608.0;	436206.93333333335;	0.0;	6.6;	7.0;	1.8666666666666667
1376441157;	2;	5851.99912;	202.86930282666668;	3.466666666666667;	8388608.0;	436206.6666666667;	8.733333333333333;	8.0;	7.266666666666667;	2.7333333333333334
1376441457;	2;	5851.99912;	175.5599736;	3.0;	8388608.0;	469760.8;	0.0;	6.466666666666667;	6.933333333333334;	1.9333333333333333
1376441757;	2;	5851.99912;	175.5599736;	3.0;	8388608.0;	385874.4;	0.0;	5.933333333333334;	7.133333333333334;	1.9333333333333333
1376442057;	2;	5851.99912;	193.11597096000003;	3.3;	8388608.0;	441798.6666666667;	8.733333333333333;	7.8;	7.133333333333334;	2.466666666666667
1376442357;	2;	5851.99912;	175.5599736;	3.0;	8388608.0;	587200.8;	0.0;	6.466666666666667;	7.066666666666666;	1.8666666666666667
1376442657;	2;	5851.99912;	175.5599736;	3.0;	8388608.0;	452983.2;	0.0;	8.2;	7.266666666666667;	1.5333333333333334
1376442957;	2;	5851.99912;	198.96797008000001;	3.4;	8388608.0;	721418.9333333333;	8.8;	9.0;	7.466666666666667;	3.0
1376443257;	2;	5851.99912;	175.5599736;	3.0;	8388608.0;	654310.4;	0.0;	7.533333333333333;	7.066666666666666;	2.0
1376443557;	2;	5851.99912;	177.51063997333335;	3.033333333333333;	8388608.0;	492130.13333333336;	0.0;	6.2;	7.4;	2.4
1376443857;	2;	5851.99912;	236.03063117333335;	4.033333333333333;	8388608.0;	805304.0;	138.86666666666667;	21.466666666666665;	7.133333333333334;	3.066666666666667
1376444157;	2;	5851.99912;	175.5599736;	3.0;	8388608.0;	570424.0;	0.0;	29.266666666666666;	7.066666666666666;	2.0
1376444457;	2;	5851.99912;	175.5599736;	3.0;	8388608.0;	564831.2;	33.06666666666667;	8.8;	7.0;	1.8666666666666667
1376444757;	2;	5851.99912;	189.2146382133333;	3.233333333333333;	8388608.0;	620755.2;	8.733333333333333;	7.933333333333334;	7.2;	2.8666666666666667
1376445057;	2;	5851.99912;	175.5599736;	3.0;	8388608.0;	687864.2666666667;	0.0;	6.3076923076923075;	7.0;	1.9333333333333333
1376445357;	2;	5851.99912;	177.51063997333335;	3.033333333333333;	8388608.0;	452984.0;	0.0;	6.666666666666667;	7.0;	1.6666666666666667
1376445657;	2;	5851.99912;	193.11597096000003;	3.3;	8388608.0;	508906.93333333335;	8.733333333333333;	8.2;	7.0;	2.533333333333333
1376445957;	2;	5851.99912;	175.5599736;	3.0;	8388608.0;	631940.0;	0.0;	6.866666666666666;	7.133333333333334;	1.8666666666666667
1376446257;	2;	5851.99912;	175.5599736;	3.0;	8388608.0;	508907.2;	0.0;	6.066666666666666;	7.0;	1.8
1376446557;	2;	5851.99912;	200.91863645333333;	3.433333333333333;	8388608.0;	671086.6666666666;	8.733333333333333;	8.2;	7.2;	2.8666666666666667
1376446857;	2;	5851.99912;	179.46130634666667;	3.066666666666667;	8388608.0;	782935.4666666667;	0.0;	7.466666666666667;	7.0;	2.0
1376447157;	2;	5851.99912;	175.5599736;	3.0;	8388608.0;	385874.4;	0.0;	6.266666666666667;	7.0;	1.9333333333333333
1376447457;	2;	5851.99912;	191.1653045866667;	3.266666666666667;	8388608.0;	536868.8;	8.733333333333333;	8.133333333333333;	7.2;	2.8
1376447757;	2;	5851.99912;	175.5599736;	3.0;	8388608.0;	654310.1333333333;	0.0;	6.6;	7.066666666666666;	1.8
1376448057;	2;	5851.99912;	169.70797448000002;	2.9;	8388608.0;	503315.4666666667;	0.0;	6.133333333333334;	7.133333333333334;	1.9333333333333333
1376448357;	2;	5851.99912;	202.86930282666668;	3.466666666666667;	8388608.0;	480945.3333333333;	8.733333333333333;	8.066666666666666;	7.8;	3.066666666666667
1376448657;	2;	5851.99912;	179.46130634666667;	3.066666666666667;	8388608.0;	497722.4;	0.0;	6.6;	7.533333333333333;	2.2
1376448957;	2;	5851.99912;	175.5599736;	3.0;	8388608.0;	553646.4;	0.0;	6.133333333333334;	7.333333333333333;	1.8666666666666667
1376449257;	2;	5851.99912;	200.91863645333333;	3.433333333333333;	8388608.0;	458575.4666666667;	8.733333333333333;	8.266666666666667;	7.2;	2.6
1376449558;	2;	5851.99912;	183.36263909333334;	3.1333333333333333;	8388608.0;	559239.2;	0.0;	6.733333333333333;	7.133333333333334;	2.066666666666667
1376449858;	2;	5851.99912;	175.5599736;	3.0;	8388608.0;	531276.8;	0.0;	5.866666666666666;	7.0;	2.0
1376450158;	2;	5851.99912;	197.01730370666667;	3.3666666666666667;	8388608.0;	492130.93333333335;	8.733333333333333;	8.066666666666666;	7.4;	2.7333333333333334
1376450458;	2;	5851.99912;	175.5599736;	3.0;	8388608.0;	553646.9333333333;	0.0;	7.666666666666667;	7.133333333333334;	1.8666666666666667
1376450758;	2;	5851.99912;	169.70797448000002;	2.9;	8388608.0;	475352.8;	0.0;	5.933333333333334;	7.266666666666667;	2.0
1376451058;	2;	5851.99912;	200.91863645333333;	3.433333333333333;	8388608.0;	570424.8;	8.733333333333333;	8.6;	7.333333333333333;	2.7333333333333334
1376451358;	2;	5851.99912;	175.5599736;	3.0;	8388608.0;	615163.7333333333;	0.0;	6.533333333333333;	7.266666666666667;	1.9333333333333333
1376451658;	2;	5851.99912;	171.65864085333334;	2.933333333333333;	8388608.0;	324358.6666666667;	0.06666666666666667;	6.066666666666666;	7.0;	1.9333333333333333
1376451958;	2;	5851.99912;	195.06663733333335;	3.333333333333333;	8388608.0;	480945.6;	8.733333333333333;	7.866666666666666;	7.2;	2.8666666666666667
1376452258;	2;	5851.99912;	175.5599736;	3.0;	8388608.0;	425021.6;	0.0;	7.466666666666667;	7.0;	1.8666666666666667
1376452558;	2;	5851.99912;	171.65864085333334;	2.933333333333333;	8388608.0;	480944.8;	0.0;	5.866666666666666;	7.0;	2.0
1376452858;	2;	5851.99912;	191.1653045866667;	3.266666666666667;	8388608.0;	654309.3333333334;	8.733333333333333;	11.2;	7.133333333333334;	2.533333333333333
1376453158;	2;	5851.99912;	173.6093072266667;	2.966666666666667;	8388608.0;	699048.8;	0.0;	6.8;	7.133333333333334;	1.9333333333333333
1376453458;	2;	5851.99912;	169.70797448000002;	2.9;	8388608.0;	503315.2;	0.0;	5.866666666666666;	6.933333333333334;	1.6666666666666667
1376453758;	2;	5851.99912;	204.8199692;	3.5;	8388608.0;	497722.13333333336;	8.733333333333333;	8.066666666666666;	7.266666666666667;	2.6
1376454058;	2;	5851.99912;	179.46130634666667;	3.066666666666667;	8388608.0;	598385.6;	0.0;	7.4;	7.066666666666666;	1.8
1376454358;	2;	5851.99912;	173.6093072266667;	2.966666666666667;	8388608.0;	536868.8;	0.0;	5.8;	7.0;	1.9333333333333333
1376454658;	2;	5851.99912;	191.1653045866667;	3.266666666666667;	8388608.0;	425021.06666666665;	8.733333333333333;	8.133333333333333;	7.2;	2.8666666666666667
1376454958;	2;	5851.99912;	175.5599736;	3.0;	8388608.0;	503314.4;	0.06666666666666667;	6.466666666666667;	7.133333333333334;	2.0
1376455258;	2;	5851.99912;	175.5599736;	3.0;	8388608.0;	441798.6666666667;	0.0;	6.266666666666667;	7.2;	1.8
1376455558;	2;	5851.99912;	200.91863645333333;	3.433333333333333;	8388608.0;	654309.3333333334;	8.733333333333333;	8.2;	7.4;	2.8
1376455858;	2;	5851.99912;	175.5599736;	3.0;	8388608.0;	676679.2;	0.0;	6.666666666666667;	7.266666666666667;	1.7333333333333334
1376456158;	2;	5851.99912;	175.5599736;	3.0;	8388608.0;	492130.6666666667;	0.0;	5.866666666666666;	7.266666666666667;	1.9333333333333333
1376456458;	2;	5851.99912;	191.1653045866667;	3.266666666666667;	8388608.0;	458575.2;	8.733333333333333;	8.066666666666666;	7.2;	2.533333333333333
1376456758;	2;	5851.99912;	175.5599736;	3.0;	8388608.0;	408244.26666666666;	0.0;	6.6;	7.0;	2.0
1376457058;	2;	5851.99912;	175.5599736;	3.0;	8388608.0;	357913.6;	0.0;	6.133333333333334;	7.0;	1.9333333333333333
1376457359;	2;	5851.99912;	195.06663733333335;	3.333333333333333;	8388608.0;	436206.4;	8.733333333333333;	8.133333333333333;	7.2;	2.933333333333333
1376457659;	2;	5851.99912;	175.5599736;	3.0;	8388608.0;	508908.0;	0.0;	8.2;	7.0;	1.8
1376457959;	2;	5851.99912;	175.5599736;	3.0;	8388608.0;	464168.5333333333;	0.0;	6.066666666666666;	7.066666666666666;	1.7333333333333334
1376458259;	2;	5851.99912;	197.01730370666667;	3.3666666666666667;	8388608.0;	603977.6;	8.733333333333333;	8.4;	7.266666666666667;	2.6666666666666665
1376458559;	2;	5851.99912;	177.51063997333335;	3.033333333333333;	8388608.0;	654309.8666666667;	0.0;	6.733333333333333;	7.133333333333334;	2.0
1376458859;	2;	5851.99912;	179.46130634666667;	3.066666666666667;	8388608.0;	631940.8;	0.0;	7.066666666666666;	9.266666666666667;	4.666666666666667
1376459159;	2;	5851.99912;	212.62263469333334;	3.6333333333333333;	8388608.0;	682270.9333333333;	8.733333333333333;	8.866666666666667;	11.6;	8.4
1376459459;	2;	5851.99912;	195.06663733333335;	3.333333333333333;	8388608.0;	581608.0;	0.0;	20.266666666666666;	11.066666666666666;	7.2
1376459759;	2;	5851.99912;	185.3133054666667;	3.166666666666667;	8388608.0;	452982.93333333335;	0.0;	6.333333333333333;	11.066666666666666;	7.133333333333334
1376460059;	2;	5851.99912;	212.62263469333334;	3.6333333333333333;	8388608.0;	754973.0666666667;	8.733333333333333;	8.533333333333333;	10.266666666666667;	6.466666666666667
1376460359;	2;	5851.99912;	183.36263909333334;	3.1333333333333333;	8388608.0;	693456.5333333333;	0.0;	7.0;	10.666666666666666;	6.533333333333333
1376460659;	2;	5851.99912;	179.46130634666667;	3.066666666666667;	8388608.0;	402651.4666666667;	0.0;	6.266666666666667;	10.466666666666667;	6.466666666666667
1376460959;	2;	5851.99912;	353.0706135733334;	6.033333333333334;	8388608.0;	1426060.2666666666;	138.93333333333334;	214.6;	30.866666666666667;	8.666666666666666
1376461258;	2;	5851.99912;	191.1653045866667;	3.266666666666667;	8388608.0;	855636.2666666667;	0.0;	10.0;	10.8;	6.733333333333333
1376461558;	2;	5851.99912;	191.1653045866667;	3.266666666666667;	8388608.0;	721419.4666666667;	33.06666666666667;	9.733333333333333;	10.133333333333333;	5.866666666666666
1376461858;	2;	5851.99912;	204.8199692;	3.5;	8388608.0;	693456.8;	8.733333333333333;	8.8;	10.4;	6.8
1376462158;	2;	5851.99912;	177.51063997333335;	3.033333333333333;	8388608.0;	671086.4;	0.0;	6.866666666666666;	10.333333333333334;	6.066666666666666
1376462458;	2;	5851.99912;	191.1653045866667;	3.266666666666667;	8388608.0;	447391.2;	0.06666666666666667;	6.533333333333333;	10.2;	5.8
1376462758;	2;	5851.99912;	212.62263469333334;	3.6333333333333333;	8388608.0;	536869.0666666667;	8.733333333333333;	16.533333333333335;	10.333333333333334;	6.466666666666667
1376463059;	2;	5851.99912;	195.06663733333335;	3.333333333333333;	8388608.0;	687864.8;	0.0;	7.066666666666666;	9.4;	5.266666666666667
1376463359;	2;	5851.99912;	183.36263909333334;	3.1333333333333333;	8388608.0;	553646.6666666666;	0.0;	6.666666666666667;	9.6;	5.2
1376463659;	2;	5851.99912;	204.8199692;	3.5;	8388608.0;	525684.5333333333;	8.733333333333333;	8.533333333333333;	9.133333333333333;	4.8
1376463959;	2;	5851.99912;	189.2146382133333;	3.233333333333333;	8388608.0;	542462.1333333333;	0.0;	7.2;	9.6;	5.0
1376464259;	2;	5851.99912;	191.1653045866667;	3.266666666666667;	8388608.0;	357912.8;	0.0;	7.533333333333333;	8.933333333333334;	4.133333333333334
